{"stats":{"minecraft:picked_up":{"minecraft:crafting_table":5,"minecraft:leather":1,"minecraft:gunpowder":1,"minecraft:string":2,"minecraft:dirt":21,"minecraft:raw_copper":7,"minecraft:iron_shovel":1,"minecraft:wheat_seeds":4,"minecraft:beef":5,"minecraft:light_gray_wool":1,"minecraft:sugar_cane":7,"minecraft:furnace":3,"minecraft:raw_iron":24,"minecraft:sweet_berries":63,"minecraft:torch":1,"minecraft:dripstone_block":26,"minecraft:porkchop":11,"minecraft:sand":2,"minecraft:spruce_sapling":1,"minecraft:pointed_dripstone":58,"minecraft:diorite":19,"minecraft:white_bed":2,"minecraft:spruce_log":30,"minecraft:spider_eye":1,"minecraft:stone_sword":1,"minecraft:granite":5,"minecraft:gray_wool":1,"minecraft:black_wool":1,"minecraft:mutton":12,"minecraft:coal":143,"minecraft:white_wool":7,"minecraft:cobblestone":172},"minecraft:used":{"minecraft:cooked_mutton":6,"minecraft:diorite":19,"minecraft:stone_sword":96,"minecraft:iron_shovel":19,"minecraft:stone_pickaxe":262,"minecraft:chest":1,"minecraft:wooden_pickaxe":21,"minecraft:white_wool":1,"minecraft:torch":24,"minecraft:mutton":2,"minecraft:crafting_table":5,"minecraft:white_bed":2,"minecraft:dripstone_block":4,"minecraft:black_wool":1,"minecraft:bread":4,"minecraft:iron_pickaxe":145,"minecraft:stone_axe":27,"minecraft:cobblestone":153,"minecraft:beef":4,"minecraft:sweet_berries":22,"minecraft:furnace":3,"minecraft:porkchop":11,"minecraft:potato":5},"minecraft:dropped":{"minecraft:bread":5,"minecraft:stone_sword":1,"minecraft:raw_iron":4,"minecraft:potato":5,"minecraft:beef":1,"minecraft:iron_pickaxe":1,"minecraft:iron_shovel":1,"minecraft:string":2,"minecraft:white_wool":3,"minecraft:spruce_sapling":1},"minecraft:killed":{"minecraft:pig":6,"minecraft:spider":1,"minecraft:creeper":1,"minecraft:sheep":9,"minecraft:skeleton":1,"minecraft:zombie":2,"minecraft:cow":2},"minecraft:broken":{"minecraft:stone_pickaxe":2},"minecraft:crafted":{"minecraft:crafting_table":1,"minecraft:spruce_planks":36,"minecraft:iron_helmet":1,"minecraft:wooden_pickaxe":1,"minecraft:iron_sword":1,"minecraft:furnace":1,"minecraft:stone_axe":1,"minecraft:cooked_mutton":10,"minecraft:iron_chestplate":1,"minecraft:shield":1,"minecraft:stick":20,"minecraft:iron_ingot":16,"minecraft:stone_pickaxe":2,"minecraft:stone_sword":1,"minecraft:chest":1,"minecraft:white_bed":1,"minecraft:torch":24},"minecraft:mined":{"minecraft:white_bed":2,"minecraft:crafting_table":5,"minecraft:granite":5,"minecraft:short_grass":2,"minecraft:grass_block":15,"minecraft:copper_ore":2,"minecraft:cobblestone":4,"minecraft:spruce_leaves":13,"minecraft:sugar_cane":4,"minecraft:diorite":19,"minecraft:wall_torch":1,"minecraft:large_fern":8,"minecraft:furnace":3,"minecraft:iron_ore":25,"minecraft:sweet_berry_bush":30,"minecraft:spruce_log":28,"minecraft:pointed_dripstone":20,"minecraft:coal_ore":148,"minecraft:dripstone_block":28,"minecraft:sand":2,"minecraft:dirt":6,"minecraft:stone":170,"minecraft:white_wool":1,"minecraft:fern":3},"minecraft:custom":{"minecraft:interact_with_smithing_table":1,"minecraft:interact_with_furnace":16,"minecraft:mob_kills":22,"minecraft:interact_with_crafting_table":17,"minecraft:interact_with_grindstone":2,"minecraft:time_since_death":107675,"minecraft:sleep_in_bed":3,"minecraft:time_since_rest":8513,"minecraft:sprint_one_cm":79348,"minecraft:walk_one_cm":241560,"minecraft:damage_taken":1239,"minecraft:drop":10,"minecraft:damage_dealt":2626,"minecraft:swim_one_cm":8609,"minecraft:talked_to_villager":1,"minecraft:fly_one_cm":27495,"minecraft:open_chest":8,"minecraft:play_time":107675,"minecraft:walk_under_water_one_cm":541,"minecraft:jump":1142,"minecraft:walk_on_water_one_cm":11673,"minecraft:total_world_time":107675,"minecraft:fall_one_cm":35655}},"DataVersion":3953}