{"stats":{"minecraft:picked_up":{"minecraft:crafting_table":1,"minecraft:sweet_berries":30,"minecraft:dripstone_block":9,"minecraft:porkchop":11,"minecraft:diorite":2,"minecraft:pointed_dripstone":23,"minecraft:gunpowder":1,"minecraft:spruce_log":30,"minecraft:spider_eye":1,"minecraft:dirt":8,"minecraft:string":2,"minecraft:raw_copper":5,"minecraft:wheat_seeds":3,"minecraft:granite":1,"minecraft:gray_wool":1,"minecraft:light_gray_wool":1,"minecraft:sugar_cane":7,"minecraft:black_wool":1,"minecraft:mutton":12,"minecraft:coal":34,"minecraft:white_wool":7,"minecraft:cobblestone":35},"minecraft:used":{"minecraft:diorite":2,"minecraft:stone_sword":66,"minecraft:iron_shovel":6,"minecraft:bread":4,"minecraft:iron_pickaxe":78,"minecraft:wooden_pickaxe":21,"minecraft:white_wool":1,"minecraft:stone_axe":23,"minecraft:sweet_berries":15,"minecraft:crafting_table":1,"minecraft:porkchop":11,"minecraft:dripstone_block":2},"minecraft:dropped":{"minecraft:bread":5,"minecraft:potato":5,"minecraft:iron_pickaxe":1},"minecraft:killed":{"minecraft:sheep":9,"minecraft:zombie":2,"minecraft:pig":6,"minecraft:spider":1,"minecraft:creeper":1},"minecraft:crafted":{"minecraft:crafting_table":1,"minecraft:spruce_planks":28,"minecraft:stick":20,"minecraft:wooden_pickaxe":1,"minecraft:stone_pickaxe":1,"minecraft:stone_sword":1,"minecraft:stone_axe":1},"minecraft:mined":{"minecraft:large_fern":8,"minecraft:sweet_berry_bush":17,"minecraft:spruce_log":28,"minecraft:crafting_table":1,"minecraft:granite":1,"minecraft:short_grass":1,"minecraft:pointed_dripstone":9,"minecraft:grass_block":8,"minecraft:coal_ore":34,"minecraft:dripstone_block":10,"minecraft:copper_ore":1,"minecraft:spruce_leaves":7,"minecraft:white_wool":1,"minecraft:stone":36,"minecraft:sugar_cane":4,"minecraft:diorite":2},"minecraft:custom":{"minecraft:time_since_rest":24028,"minecraft:interact_with_smithing_table":1,"minecraft:sprint_one_cm":63855,"minecraft:damage_taken":540,"minecraft:walk_one_cm":131969,"minecraft:mob_kills":19,"minecraft:drop":3,"minecraft:damage_dealt":2103,"minecraft:swim_one_cm":8609,"minecraft:fly_one_cm":16021,"minecraft:interact_with_crafting_table":3,"minecraft:talked_to_villager":1,"minecraft:open_chest":5,"minecraft:play_time":29675,"minecraft:walk_under_water_one_cm":169,"minecraft:jump":419,"minecraft:interact_with_grindstone":2,"minecraft:walk_on_water_one_cm":4676,"minecraft:time_since_death":29675,"minecraft:sleep_in_bed":1,"minecraft:total_world_time":29675,"minecraft:fall_one_cm":11804}},"DataVersion":3953}