{"stats":{"minecraft:mined":{"minecraft:white_bed":4,"minecraft:granite":5,"minecraft:grass_block":23,"minecraft:spruce_leaves":14,"minecraft:sandstone":20,"minecraft:large_fern":10,"minecraft:furnace":5,"minecraft:iron_ore":25,"minecraft:pointed_dripstone":21,"minecraft:stone":199,"minecraft:white_wool":1,"minecraft:crafting_table":8,"minecraft:short_grass":4,"minecraft:copper_ore":2,"minecraft:cobblestone":4,"minecraft:sugar_cane":4,"minecraft:diorite":19,"minecraft:wall_torch":2,"minecraft:sweet_berry_bush":30,"minecraft:spruce_log":93,"minecraft:coal_ore":148,"minecraft:oak_log":2,"minecraft:dirt":9,"minecraft:sand":27,"minecraft:dripstone_block":28,"minecraft:oak_leaves":4,"minecraft:fern":4},"minecraft:custom":{"minecraft:interact_with_smithing_table":1,"minecraft:mob_kills":92,"minecraft:animals_bred":2,"minecraft:interact_with_crafting_table":30,"minecraft:time_since_death":185408,"minecraft:sprint_one_cm":322883,"minecraft:walk_one_cm":632097,"minecraft:damage_blocked_by_shield":138,"minecraft:drop":37,"minecraft:talked_to_villager":1,"minecraft:play_time":185408,"minecraft:sneak_time":2568,"minecraft:walk_under_water_one_cm":4947,"minecraft:boat_one_cm":5361,"minecraft:jump":2184,"minecraft:walk_on_water_one_cm":25214,"minecraft:total_world_time":185408,"minecraft:interact_with_furnace":34,"minecraft:interact_with_grindstone":2,"minecraft:sleep_in_bed":4,"minecraft:time_since_rest":42224,"minecraft:damage_taken":2300,"minecraft:damage_dealt":9391,"minecraft:swim_one_cm":16008,"minecraft:fly_one_cm":94815,"minecraft:player_kills":1,"minecraft:open_chest":13,"minecraft:crouch_one_cm":8057,"minecraft:fall_one_cm":49112},"minecraft:broken":{"minecraft:stone_pickaxe":2},"minecraft:killed":{"minecraft:spider":7,"minecraft:skeleton":6,"minecraft:chicken":8,"minecraft:drowned":1,"minecraft:pig":13,"minecraft:creeper":2,"minecraft:sheep":26,"minecraft:zombie":5,"minecraft:cow":10},"minecraft:crafted":{"minecraft:oak_planks":8,"minecraft:cooked_chicken":5,"minecraft:furnace":1,"minecraft:cooked_mutton":10,"minecraft:iron_boots":1,"minecraft:stone_pickaxe":2,"minecraft:chest":2,"minecraft:spruce_boat":1,"minecraft:cooked_beef":11,"minecraft:cooked_porkchop":5,"minecraft:crafting_table":1,"minecraft:spruce_planks":48,"minecraft:wooden_pickaxe":2,"minecraft:iron_helmet":1,"minecraft:iron_sword":1,"minecraft:stone_axe":1,"minecraft:iron_chestplate":1,"minecraft:shield":1,"minecraft:stick":20,"minecraft:iron_ingot":20,"minecraft:stone_sword":2,"minecraft:white_bed":1,"minecraft:torch":24},"minecraft:used":{"minecraft:stone_sword":96,"minecraft:iron_shovel":44,"minecraft:chest":2,"minecraft:shield":8,"minecraft:iron_sword":147,"minecraft:cooked_chicken":4,"minecraft:rotten_flesh":2,"minecraft:torch":25,"minecraft:mutton":5,"minecraft:spruce_boat":1,"minecraft:beef":5,"minecraft:sweet_berries":22,"minecraft:furnace":6,"minecraft:cooked_beef":5,"minecraft:potato":5,"minecraft:pointed_dripstone":1,"minecraft:cooked_mutton":10,"minecraft:diorite":19,"minecraft:stone_pickaxe":262,"minecraft:wooden_pickaxe":21,"minecraft:white_wool":1,"minecraft:crafting_table":9,"minecraft:white_bed":4,"minecraft:dripstone_block":4,"minecraft:spruce_log":57,"minecraft:black_wool":1,"minecraft:bread":4,"minecraft:suspicious_stew":1,"minecraft:iron_pickaxe":209,"minecraft:stone_axe":102,"minecraft:cobblestone":153,"minecraft:porkchop":20},"minecraft:picked_up":{"minecraft:crafting_table":8,"minecraft:chicken":9,"minecraft:wooden_pickaxe":1,"minecraft:pink_wool":1,"minecraft:string":6,"minecraft:raw_copper":7,"minecraft:iron_shovel":1,"minecraft:spruce_planks":7,"minecraft:beef":24,"minecraft:light_gray_wool":3,"minecraft:sugar_cane":7,"minecraft:furnace":5,"minecraft:egg":2,"minecraft:raw_iron":24,"minecraft:sandstone":38,"minecraft:torch":2,"minecraft:porkchop":29,"minecraft:pointed_dripstone":61,"minecraft:diorite":19,"minecraft:stone_sword":1,"minecraft:arrow":4,"minecraft:rotten_flesh":8,"minecraft:mutton":36,"minecraft:cobblestone":201,"minecraft:white_wool":19,"minecraft:feather":7,"minecraft:leather":6,"minecraft:oak_log":2,"minecraft:gunpowder":6,"minecraft:dirt":54,"minecraft:bone":8,"minecraft:bow":2,"minecraft:wheat_seeds":4,"minecraft:sweet_berries":63,"minecraft:dripstone_block":26,"minecraft:sand":25,"minecraft:spruce_sapling":1,"minecraft:white_bed":4,"minecraft:spruce_log":95,"minecraft:spider_eye":7,"minecraft:spruce_boat":1,"minecraft:granite":5,"minecraft:gray_wool":2,"minecraft:black_wool":1,"minecraft:coal":143},"minecraft:dropped":{"minecraft:bread":5,"minecraft:dripstone_block":3,"minecraft:feather":7,"minecraft:granite":1,"minecraft:dirt":39,"minecraft:gray_wool":1,"minecraft:torch":1,"minecraft:mutton":5,"minecraft:iron_pickaxe":1,"minecraft:iron_shovel":1,"minecraft:string":6,"minecraft:white_wool":3,"minecraft:spruce_sapling":1,"minecraft:bone":1,"minecraft:stone_sword":1,"minecraft:raw_copper":2,"minecraft:raw_iron":4,"minecraft:pointed_dripstone":4,"minecraft:rotten_flesh":2,"minecraft:light_gray_wool":2,"minecraft:potato":5,"minecraft:gunpowder":6,"minecraft:spruce_planks":7,"minecraft:spider_eye":3,"minecraft:sandstone":38,"minecraft:bow":1,"minecraft:beef":1,"minecraft:wooden_pickaxe":2,"minecraft:egg":1}},"DataVersion":3953}