{"stats":{"minecraft:picked_up":{"minecraft:crafting_table":1,"minecraft:sweet_berries":30,"minecraft:porkchop":11,"minecraft:spruce_log":30,"minecraft:spider_eye":1,"minecraft:dirt":3,"minecraft:string":2,"minecraft:wheat_seeds":3,"minecraft:gray_wool":1,"minecraft:light_gray_wool":1,"minecraft:sugar_cane":7,"minecraft:black_wool":1,"minecraft:mutton":12,"minecraft:white_wool":6,"minecraft:cobblestone":17},"minecraft:used":{"minecraft:stone_sword":52,"minecraft:iron_pickaxe":5,"minecraft:wooden_pickaxe":21,"minecraft:stone_axe":23,"minecraft:sweet_berries":13,"minecraft:crafting_table":1,"minecraft:porkchop":8},"minecraft:killed":{"minecraft:sheep":9,"minecraft:pig":6,"minecraft:spider":1},"minecraft:crafted":{"minecraft:crafting_table":1,"minecraft:spruce_planks":28,"minecraft:stick":20,"minecraft:wooden_pickaxe":1,"minecraft:stone_pickaxe":1,"minecraft:stone_sword":1,"minecraft:stone_axe":1},"minecraft:mined":{"minecraft:large_fern":8,"minecraft:sweet_berry_bush":16,"minecraft:spruce_log":28,"minecraft:crafting_table":1,"minecraft:short_grass":1,"minecraft:grass_block":2,"minecraft:spruce_leaves":7,"minecraft:stone":21,"minecraft:sugar_cane":4},"minecraft:custom":{"minecraft:time_since_rest":12028,"minecraft:interact_with_smithing_table":1,"minecraft:sprint_one_cm":48593,"minecraft:damage_taken":325,"minecraft:walk_one_cm":85696,"minecraft:mob_kills":16,"minecraft:damage_dealt":1521,"minecraft:swim_one_cm":8609,"minecraft:fly_one_cm":9713,"minecraft:interact_with_crafting_table":3,"minecraft:talked_to_villager":1,"minecraft:open_chest":4,"minecraft:play_time":17675,"minecraft:walk_under_water_one_cm":169,"minecraft:jump":223,"minecraft:interact_with_grindstone":2,"minecraft:walk_on_water_one_cm":3607,"minecraft:time_since_death":17675,"minecraft:sleep_in_bed":1,"minecraft:total_world_time":17675,"minecraft:fall_one_cm":3856}},"DataVersion":3953}