{"stats":{"minecraft:picked_up":{"minecraft:crafting_table":4,"minecraft:leather":1,"minecraft:gunpowder":1,"minecraft:string":2,"minecraft:dirt":15,"minecraft:raw_copper":5,"minecraft:iron_shovel":1,"minecraft:wheat_seeds":4,"minecraft:beef":5,"minecraft:light_gray_wool":1,"minecraft:sugar_cane":7,"minecraft:furnace":2,"minecraft:raw_iron":20,"minecraft:sweet_berries":63,"minecraft:dripstone_block":23,"minecraft:porkchop":11,"minecraft:sand":2,"minecraft:spruce_sapling":1,"minecraft:pointed_dripstone":53,"minecraft:diorite":17,"minecraft:spruce_log":30,"minecraft:spider_eye":1,"minecraft:stone_sword":1,"minecraft:granite":4,"minecraft:gray_wool":1,"minecraft:black_wool":1,"minecraft:mutton":12,"minecraft:coal":143,"minecraft:white_wool":7,"minecraft:cobblestone":116},"minecraft:used":{"minecraft:cooked_mutton":3,"minecraft:diorite":10,"minecraft:stone_sword":96,"minecraft:iron_shovel":14,"minecraft:stone_pickaxe":222,"minecraft:chest":1,"minecraft:wooden_pickaxe":21,"minecraft:white_wool":1,"minecraft:torch":23,"minecraft:mutton":2,"minecraft:crafting_table":4,"minecraft:white_bed":1,"minecraft:dripstone_block":4,"minecraft:black_wool":1,"minecraft:bread":4,"minecraft:iron_pickaxe":113,"minecraft:stone_axe":26,"minecraft:cobblestone":20,"minecraft:beef":4,"minecraft:sweet_berries":22,"minecraft:furnace":2,"minecraft:porkchop":11,"minecraft:potato":4},"minecraft:dropped":{"minecraft:bread":5,"minecraft:stone_sword":1,"minecraft:raw_iron":4,"minecraft:potato":5,"minecraft:beef":1,"minecraft:iron_pickaxe":1,"minecraft:iron_shovel":1,"minecraft:string":2,"minecraft:white_wool":3,"minecraft:spruce_sapling":1},"minecraft:killed":{"minecraft:pig":6,"minecraft:spider":1,"minecraft:creeper":1,"minecraft:sheep":9,"minecraft:skeleton":1,"minecraft:zombie":2,"minecraft:cow":2},"minecraft:broken":{"minecraft:stone_pickaxe":1},"minecraft:mined":{"minecraft:crafting_table":4,"minecraft:granite":4,"minecraft:short_grass":2,"minecraft:grass_block":12,"minecraft:copper_ore":1,"minecraft:cobblestone":3,"minecraft:spruce_leaves":11,"minecraft:sugar_cane":4,"minecraft:diorite":17,"minecraft:large_fern":8,"minecraft:furnace":2,"minecraft:iron_ore":21,"minecraft:sweet_berry_bush":30,"minecraft:spruce_log":28,"minecraft:pointed_dripstone":16,"minecraft:coal_ore":148,"minecraft:dripstone_block":25,"minecraft:sand":2,"minecraft:dirt":3,"minecraft:stone":115,"minecraft:white_wool":1,"minecraft:fern":3},"minecraft:crafted":{"minecraft:crafting_table":1,"minecraft:spruce_planks":36,"minecraft:wooden_pickaxe":1,"minecraft:iron_sword":1,"minecraft:furnace":1,"minecraft:stone_axe":1,"minecraft:cooked_mutton":10,"minecraft:shield":1,"minecraft:stick":20,"minecraft:iron_ingot":3,"minecraft:stone_pickaxe":2,"minecraft:stone_sword":1,"minecraft:chest":1,"minecraft:white_bed":1,"minecraft:torch":24},"minecraft:custom":{"minecraft:interact_with_smithing_table":1,"minecraft:interact_with_furnace":5,"minecraft:mob_kills":22,"minecraft:interact_with_crafting_table":13,"minecraft:interact_with_grindstone":2,"minecraft:time_since_death":83675,"minecraft:sleep_in_bed":2,"minecraft:time_since_rest":10633,"minecraft:sprint_one_cm":68997,"minecraft:walk_one_cm":204559,"minecraft:damage_taken":1099,"minecraft:drop":10,"minecraft:damage_dealt":2626,"minecraft:swim_one_cm":8609,"minecraft:talked_to_villager":1,"minecraft:fly_one_cm":21241,"minecraft:open_chest":6,"minecraft:play_time":83675,"minecraft:walk_under_water_one_cm":541,"minecraft:jump":831,"minecraft:walk_on_water_one_cm":11448,"minecraft:total_world_time":83675,"minecraft:fall_one_cm":26410}},"DataVersion":3953}