{"stats":{"minecraft:mined":{"minecraft:white_bed":4,"minecraft:crafting_table":8,"minecraft:granite":5,"minecraft:short_grass":3,"minecraft:grass_block":21,"minecraft:copper_ore":2,"minecraft:cobblestone":4,"minecraft:spruce_leaves":14,"minecraft:sugar_cane":4,"minecraft:diorite":19,"minecraft:wall_torch":1,"minecraft:large_fern":10,"minecraft:furnace":4,"minecraft:iron_ore":25,"minecraft:sweet_berry_bush":30,"minecraft:spruce_log":67,"minecraft:pointed_dripstone":21,"minecraft:coal_ore":148,"minecraft:dripstone_block":28,"minecraft:sand":2,"minecraft:dirt":6,"minecraft:stone":170,"minecraft:white_wool":1,"minecraft:fern":4},"minecraft:custom":{"minecraft:interact_with_smithing_table":1,"minecraft:interact_with_furnace":28,"minecraft:mob_kills":55,"minecraft:animals_bred":2,"minecraft:interact_with_crafting_table":21,"minecraft:interact_with_grindstone":2,"minecraft:time_since_death":143408,"minecraft:sleep_in_bed":4,"minecraft:time_since_rest":224,"minecraft:sprint_one_cm":144621,"minecraft:damage_taken":1751,"minecraft:walk_one_cm":428651,"minecraft:damage_blocked_by_shield":138,"minecraft:drop":17,"minecraft:damage_dealt":6311,"minecraft:swim_one_cm":10001,"minecraft:talked_to_villager":1,"minecraft:fly_one_cm":41921,"minecraft:open_chest":8,"minecraft:crouch_one_cm":4717,"minecraft:play_time":143408,"minecraft:sneak_time":1501,"minecraft:walk_under_water_one_cm":3393,"minecraft:boat_one_cm":5361,"minecraft:jump":1588,"minecraft:walk_on_water_one_cm":21798,"minecraft:total_world_time":143408,"minecraft:fall_one_cm":39785},"minecraft:killed":{"minecraft:pig":8,"minecraft:spider":6,"minecraft:creeper":2,"minecraft:sheep":20,"minecraft:skeleton":5,"minecraft:zombie":3,"minecraft:chicken":4,"minecraft:drowned":1,"minecraft:cow":5},"minecraft:broken":{"minecraft:stone_pickaxe":2},"minecraft:used":{"minecraft:cooked_mutton":10,"minecraft:diorite":19,"minecraft:stone_sword":96,"minecraft:iron_shovel":26,"minecraft:stone_pickaxe":262,"minecraft:shield":8,"minecraft:chest":1,"minecraft:wooden_pickaxe":21,"minecraft:iron_sword":81,"minecraft:white_wool":1,"minecraft:torch":25,"minecraft:mutton":5,"minecraft:crafting_table":8,"minecraft:white_bed":4,"minecraft:dripstone_block":4,"minecraft:spruce_log":57,"minecraft:spruce_boat":1,"minecraft:black_wool":1,"minecraft:bread":4,"minecraft:iron_pickaxe":146,"minecraft:stone_axe":72,"minecraft:cobblestone":153,"minecraft:beef":5,"minecraft:sweet_berries":22,"minecraft:furnace":5,"minecraft:porkchop":15,"minecraft:cooked_beef":1,"minecraft:potato":5,"minecraft:pointed_dripstone":1},"minecraft:crafted":{"minecraft:cooked_beef":4,"minecraft:crafting_table":1,"minecraft:spruce_planks":48,"minecraft:wooden_pickaxe":1,"minecraft:iron_helmet":1,"minecraft:iron_sword":1,"minecraft:furnace":1,"minecraft:stone_axe":1,"minecraft:cooked_mutton":10,"minecraft:iron_boots":1,"minecraft:iron_chestplate":1,"minecraft:shield":1,"minecraft:stick":20,"minecraft:iron_ingot":20,"minecraft:stone_pickaxe":2,"minecraft:stone_sword":1,"minecraft:chest":1,"minecraft:white_bed":1,"minecraft:spruce_boat":1,"minecraft:torch":24},"minecraft:picked_up":{"minecraft:crafting_table":8,"minecraft:feather":2,"minecraft:chicken":5,"minecraft:leather":3,"minecraft:gunpowder":3,"minecraft:dirt":48,"minecraft:string":6,"minecraft:raw_copper":7,"minecraft:iron_shovel":1,"minecraft:bone":6,"minecraft:wheat_seeds":4,"minecraft:beef":12,"minecraft:light_gray_wool":3,"minecraft:sugar_cane":7,"minecraft:egg":1,"minecraft:furnace":4,"minecraft:raw_iron":24,"minecraft:sweet_berries":63,"minecraft:torch":1,"minecraft:dripstone_block":26,"minecraft:porkchop":16,"minecraft:sand":2,"minecraft:spruce_sapling":1,"minecraft:pointed_dripstone":61,"minecraft:diorite":19,"minecraft:white_bed":4,"minecraft:spruce_log":68,"minecraft:spider_eye":4,"minecraft:stone_sword":1,"minecraft:spruce_boat":1,"minecraft:arrow":3,"minecraft:rotten_flesh":2,"minecraft:granite":5,"minecraft:gray_wool":1,"minecraft:black_wool":1,"minecraft:mutton":29,"minecraft:coal":143,"minecraft:white_wool":15,"minecraft:cobblestone":172},"minecraft:dropped":{"minecraft:bread":5,"minecraft:stone_sword":1,"minecraft:dripstone_block":3,"minecraft:pointed_dripstone":4,"minecraft:raw_iron":4,"minecraft:feather":2,"minecraft:granite":1,"minecraft:potato":5,"minecraft:beef":1,"minecraft:iron_pickaxe":1,"minecraft:iron_shovel":1,"minecraft:string":2,"minecraft:white_wool":3,"minecraft:bone":1,"minecraft:spruce_sapling":1}},"DataVersion":3953}