{"stats":{"minecraft:mined":{"minecraft:diamond_ore":1,"minecraft:spruce_planks":1,"minecraft:white_bed":4,"minecraft:farmland":1,"minecraft:granite":8,"minecraft:grass_block":339,"minecraft:spruce_leaves":35,"minecraft:sandstone":239,"minecraft:large_fern":19,"minecraft:redstone_ore":6,"minecraft:furnace":6,"minecraft:iron_ore":54,"minecraft:andesite":6,"minecraft:deepslate_lapis_ore":2,"minecraft:peony":1,"minecraft:dirt_path":1,"minecraft:bookshelf":4,"minecraft:deepslate_iron_ore":10,"minecraft:pointed_dripstone":21,"minecraft:oak_stairs":1,"minecraft:stone":289,"minecraft:white_wool":1,"minecraft:dandelion":4,"minecraft:torch":2,"minecraft:spruce_door":1,"minecraft:crafting_table":22,"minecraft:short_grass":194,"minecraft:chest":2,"minecraft:tall_grass":58,"minecraft:copper_ore":2,"minecraft:cobblestone":4,"minecraft:deepslate_gold_ore":3,"minecraft:lapis_ore":7,"minecraft:oak_planks":39,"minecraft:sugar_cane":14,"minecraft:diorite":22,"minecraft:blue_bed":3,"minecraft:wall_torch":4,"minecraft:birch_planks":3,"minecraft:purple_bed":1,"minecraft:sweet_berry_bush":152,"minecraft:lilac":1,"minecraft:spruce_log":127,"minecraft:birch_leaves":2,"minecraft:coal_ore":191,"minecraft:oak_log":255,"minecraft:gravel":1,"minecraft:dirt":315,"minecraft:sand":275,"minecraft:dripstone_block":28,"minecraft:gold_ore":5,"minecraft:oak_leaves":90,"minecraft:deepslate":3,"minecraft:fern":17},"minecraft:custom":{"minecraft:interact_with_smithing_table":1,"minecraft:mob_kills":277,"minecraft:animals_bred":4,"minecraft:interact_with_crafting_table":91,"minecraft:time_since_death":69883,"minecraft:climb_one_cm":776,"minecraft:sprint_one_cm":1623460,"minecraft:walk_one_cm":2110239,"minecraft:damage_blocked_by_shield":4250,"minecraft:drop":64,"minecraft:play_noteblock":50,"minecraft:talked_to_villager":2,"minecraft:play_time":605408,"minecraft:deaths":12,"minecraft:sneak_time":3705,"minecraft:walk_under_water_one_cm":56049,"minecraft:boat_one_cm":366498,"minecraft:jump":7909,"minecraft:walk_on_water_one_cm":161904,"minecraft:total_world_time":605408,"minecraft:interact_with_furnace":78,"minecraft:play_record":2,"minecraft:tune_noteblock":162,"minecraft:interact_with_stonecutter":1,"minecraft:interact_with_grindstone":2,"minecraft:sleep_in_bed":16,"minecraft:time_since_rest":4363,"minecraft:damage_taken":9220,"minecraft:damage_dealt":34706,"minecraft:swim_one_cm":182371,"minecraft:fly_one_cm":675396,"minecraft:player_kills":1,"minecraft:open_chest":116,"minecraft:crouch_one_cm":11206,"minecraft:fall_one_cm":159762},"minecraft:broken":{"minecraft:stone_pickaxe":3,"minecraft:iron_axe":1,"minecraft:iron_sword":1,"minecraft:iron_helmet":1,"minecraft:stone_shovel":1},"minecraft:killed":{"minecraft:witch":1,"minecraft:spider":12,"minecraft:cod":6,"minecraft:skeleton":15,"minecraft:chicken":21,"minecraft:drowned":1,"minecraft:pig":25,"minecraft:salmon":4,"minecraft:creeper":3,"minecraft:sheep":49,"minecraft:pillager":33,"minecraft:zombie":33,"minecraft:cow":40},"minecraft:killed_by":{"minecraft:creeper":1,"minecraft:pillager":1,"minecraft:iron_golem":1,"minecraft:skeleton":1,"minecraft:zombie":3},"minecraft:used":{"minecraft:stone_sword":96,"minecraft:iron_shovel":44,"minecraft:stone_shovel":132,"minecraft:spruce_planks":1,"minecraft:chest":8,"minecraft:shield":169,"minecraft:iron_sword":658,"minecraft:stone_hoe":42,"minecraft:cooked_chicken":4,"minecraft:rotten_flesh":4,"minecraft:torch":72,"minecraft:dirt":394,"minecraft:mutton":25,"minecraft:carrot":5,"minecraft:yellow_carpet":4,"minecraft:spruce_boat":5,"minecraft:iron_axe":399,"minecraft:beef":45,"minecraft:sweet_berries":113,"minecraft:furnace":8,"minecraft:cooked_cod":7,"minecraft:egg":1,"minecraft:cooked_beef":14,"minecraft:potato":15,"minecraft:pointed_dripstone":1,"minecraft:wheat_seeds":17,"minecraft:cooked_mutton":11,"minecraft:water_bucket":2,"minecraft:diorite":22,"minecraft:spruce_door":3,"minecraft:stone_pickaxe":393,"minecraft:oak_planks":226,"minecraft:stonecutter":2,"minecraft:wooden_pickaxe":78,"minecraft:sandstone":66,"minecraft:blue_bed":1,"minecraft:salmon":4,"minecraft:white_wool":1,"minecraft:sand":83,"minecraft:crafting_table":24,"minecraft:note_block":1,"minecraft:cod":6,"minecraft:white_bed":4,"minecraft:dripstone_block":4,"minecraft:spruce_log":61,"minecraft:black_wool":1,"minecraft:apple":1,"minecraft:diamond_shovel":750,"minecraft:chicken":13,"minecraft:bread":21,"minecraft:suspicious_stew":1,"minecraft:iron_pickaxe":455,"minecraft:stone_axe":103,"minecraft:wooden_sword":63,"minecraft:purple_bed":1,"minecraft:cobblestone":186,"minecraft:porkchop":49,"minecraft:bucket":2,"minecraft:oak_boat":3,"minecraft:jukebox":1},"minecraft:crafted":{"minecraft:wooden_sword":2,"minecraft:oak_planks":280,"minecraft:stone_shovel":1,"minecraft:jukebox":1,"minecraft:cooked_chicken":5,"minecraft:furnace":3,"minecraft:stone":4,"minecraft:white_carpet":6,"minecraft:cooked_mutton":11,"minecraft:iron_boots":2,"minecraft:iron_axe":2,"minecraft:stone_pickaxe":3,"minecraft:chest":7,"minecraft:spruce_boat":3,"minecraft:stone_hoe":1,"minecraft:cooked_beef":21,"minecraft:cooked_porkchop":8,"minecraft:crafting_table":6,"minecraft:spruce_planks":128,"minecraft:wooden_pickaxe":3,"minecraft:iron_helmet":3,"minecraft:yellow_carpet":4,"minecraft:iron_sword":3,"minecraft:spruce_door":3,"minecraft:bucket":1,"minecraft:stone_axe":1,"minecraft:oak_boat":1,"minecraft:yellow_dye":4,"minecraft:book":3,"minecraft:paper":9,"minecraft:iron_chestplate":2,"minecraft:shield":3,"minecraft:stick":52,"minecraft:iron_pickaxe":1,"minecraft:iron_ingot":60,"minecraft:note_block":1,"minecraft:stone_sword":2,"minecraft:stonecutter":1,"minecraft:gold_ingot":8,"minecraft:iron_leggings":1,"minecraft:white_bed":1,"minecraft:torch":68},"minecraft:picked_up":{"minecraft:iron_chestplate":4,"minecraft:crafting_table":25,"minecraft:azure_bluet":2,"minecraft:ominous_bottle":4,"minecraft:chicken":24,"minecraft:clay_ball":4,"minecraft:wooden_pickaxe":2,"minecraft:pink_wool":1,"minecraft:enchanted_book":1,"minecraft:potion":4,"minecraft:shield":2,"minecraft:music_disc_cat":1,"minecraft:cornflower":3,"minecraft:iron_axe":3,"minecraft:string":13,"minecraft:raw_copper":7,"minecraft:wooden_sword":1,"minecraft:flint_and_steel":4,"minecraft:iron_leggings":3,"minecraft:iron_shovel":1,"minecraft:cobbled_deepslate":3,"minecraft:spruce_planks":21,"minecraft:beef":118,"minecraft:oak_boat":5,"minecraft:poppy":4,"minecraft:iron_nugget":54,"minecraft:iron_pickaxe":4,"minecraft:light_gray_wool":3,"minecraft:chest":2,"minecraft:sugar_cane":35,"minecraft:birch_sapling":1,"minecraft:iron_boots":3,"minecraft:furnace":6,"minecraft:egg":9,"minecraft:stick":61,"minecraft:raw_iron":68,"minecraft:sandstone":235,"minecraft:torch":22,"minecraft:porkchop":72,"minecraft:pointed_dripstone":61,"minecraft:diorite":23,"minecraft:carrot":5,"minecraft:redstone":31,"minecraft:prismarine_crystals":6,"minecraft:goat_horn":1,"minecraft:cooked_cod":1,"minecraft:stone_shovel":2,"minecraft:stone_sword":1,"minecraft:arrow":19,"minecraft:rotten_flesh":32,"minecraft:peony":4,"minecraft:saddle":1,"minecraft:gold_ingot":6,"minecraft:mutton":74,"minecraft:cod":6,"minecraft:cobblestone":492,"minecraft:white_wool":55,"minecraft:oxeye_daisy":1,"minecraft:birch_log":2,"minecraft:leather_chestplate":1,"minecraft:cooked_beef":8,"minecraft:feather":27,"minecraft:lilac":1,"minecraft:tripwire_hook":2,"minecraft:salmon":12,"minecraft:andesite":6,"minecraft:brown_wool":1,"minecraft:leather":109,"minecraft:yellow_dye":3,"minecraft:birch_planks":4,"minecraft:filled_map":1,"minecraft:oak_log":779,"minecraft:gunpowder":8,"minecraft:lapis_lazuli":104,"minecraft:blue_bed":3,"minecraft:dirt":1294,"minecraft:paper":2,"minecraft:bone":23,"minecraft:apple":20,"minecraft:stonecutter":1,"minecraft:bow":2,"minecraft:wheat_seeds":72,"minecraft:raw_gold":8,"minecraft:heart_of_the_sea":4,"minecraft:stone_pickaxe":1,"minecraft:iron_ingot":55,"minecraft:stone_hoe":1,"minecraft:glass_bottle":2,"minecraft:oak_planks":65,"minecraft:iron_sword":5,"minecraft:book":12,"minecraft:sweet_berries":339,"minecraft:dandelion":20,"minecraft:gravel":1,"minecraft:dripstone_block":26,"minecraft:sand":299,"minecraft:spruce_sapling":4,"minecraft:white_bed":4,"minecraft:spruce_log":168,"minecraft:dark_oak_log":5,"minecraft:spruce_door":1,"minecraft:spider_eye":9,"minecraft:diamond_shovel":4,"minecraft:diamond":4,"minecraft:purple_bed":1,"minecraft:spruce_boat":5,"minecraft:iron_helmet":3,"minecraft:crossbow":6,"minecraft:granite":5,"minecraft:gray_wool":2,"minecraft:golden_horse_armor":3,"minecraft:bread":64,"minecraft:oak_sapling":48,"minecraft:black_wool":1,"minecraft:coal":262},"minecraft:dropped":{"minecraft:stone_hoe":1,"minecraft:bread":5,"minecraft:iron_sword":1,"minecraft:birch_planks":2,"minecraft:wheat_seeds":4,"minecraft:ominous_bottle":4,"minecraft:cooked_beef":8,"minecraft:oak_log":159,"minecraft:crafting_table":2,"minecraft:dripstone_block":3,"minecraft:feather":7,"minecraft:granite":1,"minecraft:coal":21,"minecraft:dirt":104,"minecraft:gray_wool":1,"minecraft:torch":1,"minecraft:mutton":5,"minecraft:potion":1,"minecraft:sand":182,"minecraft:iron_pickaxe":1,"minecraft:iron_shovel":1,"minecraft:string":6,"minecraft:white_wool":3,"minecraft:spruce_sapling":1,"minecraft:bone":1,"minecraft:stone_sword":1,"minecraft:raw_copper":2,"minecraft:stone_shovel":1,"minecraft:raw_iron":4,"minecraft:pointed_dripstone":4,"minecraft:rotten_flesh":2,"minecraft:light_gray_wool":2,"minecraft:filled_map":1,"minecraft:poppy":1,"minecraft:potato":5,"minecraft:gunpowder":6,"minecraft:spruce_planks":7,"minecraft:spider_eye":3,"minecraft:sandstone":38,"minecraft:bow":1,"minecraft:beef":1,"minecraft:wooden_pickaxe":2,"minecraft:egg":1}},"DataVersion":3953}