{"stats":{"minecraft:mined":{"minecraft:white_bed":4,"minecraft:granite":5,"minecraft:grass_block":27,"minecraft:spruce_leaves":34,"minecraft:sandstone":20,"minecraft:large_fern":19,"minecraft:furnace":6,"minecraft:iron_ore":27,"minecraft:andesite":1,"minecraft:pointed_dripstone":21,"minecraft:stone":255,"minecraft:white_wool":1,"minecraft:crafting_table":12,"minecraft:short_grass":11,"minecraft:tall_grass":1,"minecraft:copper_ore":2,"minecraft:cobblestone":4,"minecraft:sugar_cane":7,"minecraft:diorite":19,"minecraft:blue_bed":3,"minecraft:wall_torch":2,"minecraft:sweet_berry_bush":152,"minecraft:lilac":1,"minecraft:spruce_log":107,"minecraft:coal_ore":148,"minecraft:oak_log":2,"minecraft:dirt":10,"minecraft:sand":27,"minecraft:dripstone_block":28,"minecraft:oak_leaves":11,"minecraft:fern":17},"minecraft:custom":{"minecraft:interact_with_smithing_table":1,"minecraft:mob_kills":123,"minecraft:animals_bred":2,"minecraft:interact_with_crafting_table":33,"minecraft:time_since_death":19936,"minecraft:sprint_one_cm":824973,"minecraft:walk_one_cm":1063979,"minecraft:damage_blocked_by_shield":214,"minecraft:drop":38,"minecraft:talked_to_villager":1,"minecraft:play_time":281408,"minecraft:deaths":7,"minecraft:sneak_time":2574,"minecraft:walk_under_water_one_cm":12010,"minecraft:boat_one_cm":182172,"minecraft:jump":4285,"minecraft:walk_on_water_one_cm":63831,"minecraft:total_world_time":281408,"minecraft:interact_with_furnace":36,"minecraft:interact_with_grindstone":2,"minecraft:sleep_in_bed":6,"minecraft:time_since_rest":13279,"minecraft:damage_taken":4945,"minecraft:damage_dealt":12461,"minecraft:swim_one_cm":64751,"minecraft:fly_one_cm":271034,"minecraft:player_kills":1,"minecraft:open_chest":27,"minecraft:crouch_one_cm":8058,"minecraft:fall_one_cm":100589},"minecraft:broken":{"minecraft:stone_pickaxe":2},"minecraft:killed":{"minecraft:spider":10,"minecraft:skeleton":7,"minecraft:chicken":8,"minecraft:drowned":1,"minecraft:pig":16,"minecraft:creeper":2,"minecraft:sheep":35,"minecraft:zombie":7,"minecraft:cow":13},"minecraft:killed_by":{"minecraft:creeper":1,"minecraft:skeleton":1,"minecraft:zombie":1},"minecraft:used":{"minecraft:stone_sword":96,"minecraft:iron_shovel":44,"minecraft:chest":2,"minecraft:shield":9,"minecraft:iron_sword":167,"minecraft:cooked_chicken":4,"minecraft:rotten_flesh":2,"minecraft:torch":25,"minecraft:mutton":11,"minecraft:spruce_boat":3,"minecraft:beef":5,"minecraft:sweet_berries":113,"minecraft:furnace":6,"minecraft:cooked_beef":5,"minecraft:potato":6,"minecraft:pointed_dripstone":1,"minecraft:cooked_mutton":10,"minecraft:diorite":19,"minecraft:stone_pickaxe":262,"minecraft:wooden_pickaxe":78,"minecraft:blue_bed":1,"minecraft:white_wool":1,"minecraft:crafting_table":12,"minecraft:white_bed":4,"minecraft:dripstone_block":4,"minecraft:spruce_log":57,"minecraft:black_wool":1,"minecraft:bread":11,"minecraft:suspicious_stew":1,"minecraft:iron_pickaxe":212,"minecraft:stone_axe":103,"minecraft:wooden_sword":61,"minecraft:cobblestone":153,"minecraft:porkchop":23},"minecraft:crafted":{"minecraft:wooden_sword":2,"minecraft:oak_planks":8,"minecraft:cooked_chicken":5,"minecraft:furnace":1,"minecraft:cooked_mutton":10,"minecraft:iron_boots":1,"minecraft:stone_pickaxe":2,"minecraft:chest":2,"minecraft:spruce_boat":2,"minecraft:cooked_beef":11,"minecraft:cooked_porkchop":8,"minecraft:crafting_table":3,"minecraft:spruce_planks":92,"minecraft:wooden_pickaxe":3,"minecraft:iron_helmet":1,"minecraft:iron_sword":1,"minecraft:stone_axe":1,"minecraft:iron_chestplate":1,"minecraft:shield":1,"minecraft:stick":36,"minecraft:iron_ingot":20,"minecraft:stone_sword":2,"minecraft:white_bed":1,"minecraft:torch":24},"minecraft:picked_up":{"minecraft:crafting_table":12,"minecraft:chicken":9,"minecraft:clay_ball":2,"minecraft:wooden_pickaxe":1,"minecraft:pink_wool":1,"minecraft:string":8,"minecraft:raw_copper":7,"minecraft:iron_shovel":1,"minecraft:spruce_planks":7,"minecraft:beef":33,"minecraft:light_gray_wool":3,"minecraft:sugar_cane":13,"minecraft:furnace":6,"minecraft:egg":5,"minecraft:stick":1,"minecraft:raw_iron":26,"minecraft:sandstone":38,"minecraft:torch":2,"minecraft:porkchop":36,"minecraft:pointed_dripstone":61,"minecraft:diorite":19,"minecraft:stone_sword":1,"minecraft:arrow":7,"minecraft:rotten_flesh":11,"minecraft:mutton":50,"minecraft:cobblestone":257,"minecraft:white_wool":27,"minecraft:birch_log":2,"minecraft:feather":7,"minecraft:lilac":1,"minecraft:andesite":1,"minecraft:brown_wool":1,"minecraft:leather":12,"minecraft:oak_log":4,"minecraft:gunpowder":6,"minecraft:blue_bed":3,"minecraft:dirt":70,"minecraft:bone":12,"minecraft:bow":2,"minecraft:wheat_seeds":6,"minecraft:sweet_berries":339,"minecraft:dripstone_block":26,"minecraft:sand":31,"minecraft:spruce_sapling":3,"minecraft:white_bed":4,"minecraft:spruce_log":109,"minecraft:spider_eye":8,"minecraft:spruce_boat":3,"minecraft:granite":5,"minecraft:gray_wool":2,"minecraft:black_wool":1,"minecraft:coal":143},"minecraft:dropped":{"minecraft:bread":5,"minecraft:dripstone_block":3,"minecraft:feather":7,"minecraft:granite":1,"minecraft:dirt":40,"minecraft:gray_wool":1,"minecraft:torch":1,"minecraft:mutton":5,"minecraft:iron_pickaxe":1,"minecraft:iron_shovel":1,"minecraft:string":6,"minecraft:white_wool":3,"minecraft:spruce_sapling":1,"minecraft:bone":1,"minecraft:stone_sword":1,"minecraft:raw_copper":2,"minecraft:raw_iron":4,"minecraft:pointed_dripstone":4,"minecraft:rotten_flesh":2,"minecraft:light_gray_wool":2,"minecraft:potato":5,"minecraft:gunpowder":6,"minecraft:spruce_planks":7,"minecraft:spider_eye":3,"minecraft:sandstone":38,"minecraft:bow":1,"minecraft:beef":1,"minecraft:wooden_pickaxe":2,"minecraft:egg":1}},"DataVersion":3953}