{"stats":{"minecraft:mined":{"minecraft:diamond_ore":1,"minecraft:spruce_planks":1,"minecraft:white_bed":4,"minecraft:granite":8,"minecraft:grass_block":327,"minecraft:spruce_leaves":35,"minecraft:sandstone":239,"minecraft:large_fern":19,"minecraft:redstone_ore":6,"minecraft:furnace":6,"minecraft:iron_ore":48,"minecraft:andesite":6,"minecraft:deepslate_lapis_ore":2,"minecraft:deepslate_iron_ore":10,"minecraft:pointed_dripstone":21,"minecraft:stone":278,"minecraft:white_wool":1,"minecraft:torch":1,"minecraft:spruce_door":1,"minecraft:crafting_table":17,"minecraft:short_grass":63,"minecraft:chest":1,"minecraft:tall_grass":5,"minecraft:copper_ore":2,"minecraft:cobblestone":4,"minecraft:deepslate_gold_ore":3,"minecraft:lapis_ore":7,"minecraft:oak_planks":32,"minecraft:sugar_cane":14,"minecraft:diorite":22,"minecraft:blue_bed":3,"minecraft:wall_torch":4,"minecraft:purple_bed":1,"minecraft:sweet_berry_bush":152,"minecraft:lilac":1,"minecraft:spruce_log":114,"minecraft:birch_leaves":1,"minecraft:coal_ore":178,"minecraft:oak_log":227,"minecraft:gravel":1,"minecraft:dirt":303,"minecraft:sand":109,"minecraft:dripstone_block":28,"minecraft:gold_ore":5,"minecraft:oak_leaves":76,"minecraft:deepslate":3,"minecraft:fern":17},"minecraft:custom":{"minecraft:interact_with_smithing_table":1,"minecraft:mob_kills":153,"minecraft:animals_bred":2,"minecraft:interact_with_crafting_table":63,"minecraft:time_since_death":124003,"minecraft:sprint_one_cm":1060249,"minecraft:walk_one_cm":1498759,"minecraft:damage_blocked_by_shield":692,"minecraft:drop":42,"minecraft:talked_to_villager":2,"minecraft:play_time":449408,"minecraft:deaths":9,"minecraft:sneak_time":2574,"minecraft:walk_under_water_one_cm":38636,"minecraft:boat_one_cm":224470,"minecraft:jump":5759,"minecraft:walk_on_water_one_cm":105154,"minecraft:total_world_time":449408,"minecraft:interact_with_furnace":65,"minecraft:interact_with_grindstone":2,"minecraft:sleep_in_bed":12,"minecraft:time_since_rest":22038,"minecraft:damage_taken":6579,"minecraft:damage_dealt":17185,"minecraft:swim_one_cm":136775,"minecraft:fly_one_cm":410920,"minecraft:player_kills":1,"minecraft:open_chest":73,"minecraft:crouch_one_cm":8058,"minecraft:fall_one_cm":124674},"minecraft:broken":{"minecraft:stone_pickaxe":3,"minecraft:iron_axe":1,"minecraft:stone_shovel":1},"minecraft:killed":{"minecraft:witch":1,"minecraft:spider":10,"minecraft:skeleton":12,"minecraft:chicken":9,"minecraft:drowned":1,"minecraft:pig":16,"minecraft:creeper":2,"minecraft:sheep":37,"minecraft:zombie":17,"minecraft:cow":23},"minecraft:killed_by":{"minecraft:creeper":1,"minecraft:skeleton":1,"minecraft:zombie":2},"minecraft:used":{"minecraft:stone_sword":96,"minecraft:iron_shovel":44,"minecraft:stone_shovel":132,"minecraft:spruce_planks":1,"minecraft:chest":5,"minecraft:shield":24,"minecraft:iron_sword":259,"minecraft:cooked_chicken":4,"minecraft:rotten_flesh":2,"minecraft:torch":72,"minecraft:dirt":334,"minecraft:mutton":12,"minecraft:spruce_boat":4,"minecraft:iron_axe":322,"minecraft:beef":16,"minecraft:sweet_berries":113,"minecraft:furnace":8,"minecraft:cooked_cod":7,"minecraft:egg":1,"minecraft:cooked_beef":13,"minecraft:potato":6,"minecraft:pointed_dripstone":1,"minecraft:cooked_mutton":11,"minecraft:diorite":22,"minecraft:spruce_door":3,"minecraft:stone_pickaxe":393,"minecraft:oak_planks":161,"minecraft:wooden_pickaxe":78,"minecraft:sandstone":66,"minecraft:blue_bed":1,"minecraft:white_wool":1,"minecraft:sand":70,"minecraft:crafting_table":18,"minecraft:white_bed":4,"minecraft:dripstone_block":4,"minecraft:spruce_log":61,"minecraft:black_wool":1,"minecraft:diamond_shovel":547,"minecraft:chicken":1,"minecraft:bread":11,"minecraft:suspicious_stew":1,"minecraft:iron_pickaxe":425,"minecraft:stone_axe":103,"minecraft:wooden_sword":63,"minecraft:purple_bed":1,"minecraft:cobblestone":186,"minecraft:porkchop":27},"minecraft:crafted":{"minecraft:wooden_sword":2,"minecraft:oak_planks":200,"minecraft:stone_shovel":1,"minecraft:cooked_chicken":5,"minecraft:furnace":3,"minecraft:cooked_mutton":11,"minecraft:iron_boots":2,"minecraft:iron_axe":2,"minecraft:stone_pickaxe":3,"minecraft:chest":5,"minecraft:spruce_boat":3,"minecraft:cooked_beef":21,"minecraft:cooked_porkchop":8,"minecraft:crafting_table":4,"minecraft:spruce_planks":128,"minecraft:wooden_pickaxe":3,"minecraft:iron_helmet":2,"minecraft:iron_sword":2,"minecraft:spruce_door":3,"minecraft:stone_axe":1,"minecraft:book":3,"minecraft:paper":9,"minecraft:iron_chestplate":2,"minecraft:shield":2,"minecraft:stick":48,"minecraft:iron_pickaxe":1,"minecraft:iron_ingot":53,"minecraft:stone_sword":2,"minecraft:gold_ingot":8,"minecraft:iron_leggings":1,"minecraft:white_bed":1,"minecraft:torch":68},"minecraft:picked_up":{"minecraft:iron_chestplate":1,"minecraft:crafting_table":19,"minecraft:chicken":11,"minecraft:clay_ball":4,"minecraft:wooden_pickaxe":2,"minecraft:pink_wool":1,"minecraft:potion":2,"minecraft:shield":1,"minecraft:string":10,"minecraft:raw_copper":7,"minecraft:wooden_sword":1,"minecraft:iron_shovel":1,"minecraft:cobbled_deepslate":3,"minecraft:spruce_planks":21,"minecraft:beef":75,"minecraft:iron_nugget":12,"minecraft:iron_pickaxe":1,"minecraft:light_gray_wool":3,"minecraft:chest":1,"minecraft:sugar_cane":35,"minecraft:furnace":6,"minecraft:egg":6,"minecraft:stick":28,"minecraft:raw_iron":62,"minecraft:sandstone":235,"minecraft:torch":14,"minecraft:porkchop":36,"minecraft:pointed_dripstone":61,"minecraft:diorite":23,"minecraft:redstone":31,"minecraft:prismarine_crystals":6,"minecraft:cooked_cod":1,"minecraft:stone_shovel":2,"minecraft:stone_sword":1,"minecraft:arrow":16,"minecraft:rotten_flesh":23,"minecraft:gold_ingot":6,"minecraft:mutton":53,"minecraft:cobblestone":398,"minecraft:white_wool":31,"minecraft:birch_log":2,"minecraft:leather_chestplate":1,"minecraft:cooked_beef":8,"minecraft:feather":11,"minecraft:lilac":1,"minecraft:andesite":6,"minecraft:brown_wool":1,"minecraft:leather":32,"minecraft:filled_map":1,"minecraft:oak_log":231,"minecraft:gunpowder":6,"minecraft:lapis_lazuli":82,"minecraft:blue_bed":3,"minecraft:dirt":628,"minecraft:paper":2,"minecraft:bone":22,"minecraft:apple":5,"minecraft:bow":2,"minecraft:wheat_seeds":24,"minecraft:raw_gold":8,"minecraft:heart_of_the_sea":1,"minecraft:stone_pickaxe":1,"minecraft:iron_ingot":16,"minecraft:glass_bottle":2,"minecraft:oak_planks":32,"minecraft:iron_sword":1,"minecraft:sweet_berries":339,"minecraft:dandelion":2,"minecraft:gravel":1,"minecraft:dripstone_block":26,"minecraft:sand":142,"minecraft:spruce_sapling":4,"minecraft:white_bed":4,"minecraft:spruce_log":129,"minecraft:spruce_door":1,"minecraft:spider_eye":9,"minecraft:diamond_shovel":1,"minecraft:diamond":1,"minecraft:purple_bed":1,"minecraft:spruce_boat":5,"minecraft:granite":5,"minecraft:gray_wool":2,"minecraft:oak_sapling":10,"minecraft:black_wool":1,"minecraft:coal":184},"minecraft:dropped":{"minecraft:bread":5,"minecraft:wheat_seeds":1,"minecraft:cooked_beef":8,"minecraft:dripstone_block":3,"minecraft:feather":7,"minecraft:granite":1,"minecraft:dirt":40,"minecraft:gray_wool":1,"minecraft:torch":1,"minecraft:mutton":5,"minecraft:iron_pickaxe":1,"minecraft:iron_shovel":1,"minecraft:string":6,"minecraft:white_wool":3,"minecraft:spruce_sapling":1,"minecraft:bone":1,"minecraft:stone_sword":1,"minecraft:raw_copper":2,"minecraft:stone_shovel":1,"minecraft:raw_iron":4,"minecraft:pointed_dripstone":4,"minecraft:rotten_flesh":2,"minecraft:light_gray_wool":2,"minecraft:filled_map":1,"minecraft:potato":5,"minecraft:gunpowder":6,"minecraft:spruce_planks":7,"minecraft:spider_eye":3,"minecraft:sandstone":38,"minecraft:bow":1,"minecraft:beef":1,"minecraft:wooden_pickaxe":2,"minecraft:egg":1}},"DataVersion":3953}