{"stats":{"minecraft:mined":{"minecraft:spruce_planks":1,"minecraft:white_bed":4,"minecraft:farmland":1,"minecraft:obsidian":40,"minecraft:granite":8,"minecraft:grass_block":369,"minecraft:iron_ore":54,"minecraft:deepslate_lapis_ore":2,"minecraft:pointed_dripstone":21,"minecraft:dirt_path":1,"minecraft:oak_stairs":1,"minecraft:torch":2,"minecraft:chest":2,"minecraft:cobblestone":6,"minecraft:sugar_cane":14,"minecraft:oak_planks":39,"minecraft:wall_torch":4,"minecraft:wheat":1,"minecraft:lilac":1,"minecraft:oak_log":255,"minecraft:sand":277,"minecraft:dirt":396,"minecraft:oak_leaves":93,"minecraft:deepslate":3,"minecraft:diamond_ore":1,"minecraft:spruce_leaves":35,"minecraft:sandstone":239,"minecraft:large_fern":19,"minecraft:redstone_ore":6,"minecraft:furnace":6,"minecraft:andesite":6,"minecraft:peony":1,"minecraft:bookshelf":4,"minecraft:deepslate_iron_ore":10,"minecraft:stone":317,"minecraft:white_wool":1,"minecraft:basalt":4,"minecraft:spruce_door":1,"minecraft:dandelion":4,"minecraft:crafting_table":22,"minecraft:short_grass":203,"minecraft:copper_ore":2,"minecraft:tall_grass":58,"minecraft:lapis_ore":7,"minecraft:deepslate_gold_ore":3,"minecraft:diorite":22,"minecraft:blue_bed":3,"minecraft:purple_bed":1,"minecraft:birch_planks":3,"minecraft:sweet_berry_bush":152,"minecraft:spruce_log":127,"minecraft:birch_leaves":2,"minecraft:coal_ore":191,"minecraft:dripstone_block":28,"minecraft:gravel":1,"minecraft:gold_ore":5,"minecraft:fern":17},"minecraft:custom":{"minecraft:animals_bred":5,"minecraft:interact_with_crafting_table":98,"minecraft:time_since_death":1847,"minecraft:sprint_one_cm":1768574,"minecraft:damage_blocked_by_shield":4250,"minecraft:drop":68,"minecraft:play_noteblock":50,"minecraft:talked_to_villager":3,"minecraft:play_time":695408,"minecraft:deaths":16,"minecraft:jump":9094,"minecraft:walk_on_water_one_cm":165184,"minecraft:interact_with_furnace":78,"minecraft:play_record":2,"minecraft:sleep_in_bed":17,"minecraft:damage_dealt":35737,"minecraft:player_kills":1,"minecraft:crouch_one_cm":11317,"minecraft:interact_with_smithing_table":1,"minecraft:mob_kills":292,"minecraft:climb_one_cm":776,"minecraft:walk_one_cm":2309896,"minecraft:sneak_time":3734,"minecraft:walk_under_water_one_cm":56049,"minecraft:boat_one_cm":366498,"minecraft:total_world_time":695408,"minecraft:tune_noteblock":163,"minecraft:interact_with_grindstone":2,"minecraft:interact_with_stonecutter":1,"minecraft:time_since_rest":1883,"minecraft:damage_taken":10711,"minecraft:swim_one_cm":182371,"minecraft:fly_one_cm":755312,"minecraft:open_chest":152,"minecraft:fall_one_cm":182073},"minecraft:broken":{"minecraft:iron_boots":1,"minecraft:stone_pickaxe":3,"minecraft:iron_sword":1,"minecraft:stone_shovel":1,"minecraft:iron_axe":1,"minecraft:iron_helmet":1},"minecraft:killed":{"minecraft:witch":1,"minecraft:spider":14,"minecraft:cod":6,"minecraft:skeleton":15,"minecraft:chicken":21,"minecraft:magma_cube":8,"minecraft:pig":27,"minecraft:salmon":4,"minecraft:creeper":3,"minecraft:sheep":49,"minecraft:pillager":33,"minecraft:zombie":34,"minecraft:cow":41,"minecraft:drowned":1,"minecraft:wandering_trader":1},"minecraft:killed_by":{"minecraft:creeper":1,"minecraft:pillager":1,"minecraft:magma_cube":2,"minecraft:zombie":3,"minecraft:iron_golem":1,"minecraft:skeleton":1},"minecraft:used":{"minecraft:iron_shovel":44,"minecraft:chest":8,"minecraft:shield":169,"minecraft:iron_sword":687,"minecraft:rotten_flesh":4,"minecraft:mutton":27,"minecraft:carrot":5,"minecraft:obsidian":23,"minecraft:spruce_boat":5,"minecraft:lava_bucket":6,"minecraft:sweet_berries":113,"minecraft:furnace":8,"minecraft:cooked_cod":7,"minecraft:egg":1,"minecraft:potato":15,"minecraft:diorite":22,"minecraft:spruce_door":3,"minecraft:stone_pickaxe":393,"minecraft:oak_planks":226,"minecraft:wooden_pickaxe":78,"minecraft:sandstone":66,"minecraft:blue_bed":1,"minecraft:white_wool":1,"minecraft:sand":88,"minecraft:crossbow":6,"minecraft:dripstone_block":4,"minecraft:note_block":1,"minecraft:bread":34,"minecraft:wooden_sword":63,"minecraft:oak_boat":3,"minecraft:stone_sword":96,"minecraft:flint_and_steel":7,"minecraft:stone_shovel":132,"minecraft:spruce_planks":1,"minecraft:cooked_chicken":4,"minecraft:stone_hoe":43,"minecraft:torch":72,"minecraft:dirt":417,"minecraft:yellow_carpet":4,"minecraft:iron_axe":400,"minecraft:basalt":1,"minecraft:beef":46,"minecraft:cooked_beef":14,"minecraft:pointed_dripstone":1,"minecraft:wheat_seeds":18,"minecraft:cooked_mutton":11,"minecraft:water_bucket":62,"minecraft:stonecutter":2,"minecraft:salmon":4,"minecraft:crafting_table":24,"minecraft:white_bed":4,"minecraft:cod":6,"minecraft:spruce_log":61,"minecraft:oak_log":7,"minecraft:black_wool":1,"minecraft:diamond_pickaxe":73,"minecraft:apple":1,"minecraft:diamond_shovel":863,"minecraft:chicken":13,"minecraft:iron_pickaxe":458,"minecraft:suspicious_stew":1,"minecraft:stone_axe":103,"minecraft:cobblestone":254,"minecraft:purple_bed":1,"minecraft:porkchop":50,"minecraft:bucket":68,"minecraft:jukebox":1},"minecraft:crafted":{"minecraft:oak_planks":280,"minecraft:cooked_chicken":5,"minecraft:stone":4,"minecraft:cooked_mutton":11,"minecraft:bow":1,"minecraft:iron_boots":2,"minecraft:chest":7,"minecraft:stone_hoe":1,"minecraft:cooked_porkchop":8,"minecraft:crafting_table":6,"minecraft:spruce_planks":128,"minecraft:wooden_pickaxe":3,"minecraft:iron_helmet":3,"minecraft:spruce_door":3,"minecraft:iron_chestplate":2,"minecraft:book":3,"minecraft:paper":9,"minecraft:diamond_pickaxe":1,"minecraft:yellow_dye":4,"minecraft:shield":4,"minecraft:stick":60,"minecraft:iron_ingot":60,"minecraft:iron_pickaxe":2,"minecraft:stone_sword":2,"minecraft:gold_ingot":8,"minecraft:wooden_sword":2,"minecraft:stone_shovel":1,"minecraft:jukebox":1,"minecraft:golden_chestplate":1,"minecraft:furnace":3,"minecraft:white_carpet":6,"minecraft:iron_axe":2,"minecraft:stone_pickaxe":3,"minecraft:spruce_boat":3,"minecraft:golden_helmet":1,"minecraft:cooked_beef":21,"minecraft:yellow_carpet":4,"minecraft:iron_sword":4,"minecraft:bucket":1,"minecraft:stone_axe":1,"minecraft:oak_boat":1,"minecraft:iron_leggings":1,"minecraft:stonecutter":1,"minecraft:white_bed":1,"minecraft:note_block":1,"minecraft:torch":68},"minecraft:picked_up":{"minecraft:iron_chestplate":7,"minecraft:lead":1,"minecraft:potion":4,"minecraft:enchanted_book":1,"minecraft:music_disc_cat":1,"minecraft:string":17,"minecraft:raw_copper":7,"minecraft:iron_leggings":7,"minecraft:cobbled_deepslate":3,"minecraft:bucket":1,"minecraft:spruce_planks":21,"minecraft:iron_pickaxe":6,"minecraft:iron_boots":5,"minecraft:furnace":6,"minecraft:golden_helmet":3,"minecraft:stick":67,"minecraft:torch":22,"minecraft:porkchop":96,"minecraft:pointed_dripstone":61,"minecraft:diorite":23,"minecraft:goat_horn":1,"minecraft:stone_sword":1,"minecraft:rotten_flesh":35,"minecraft:obsidian":50,"minecraft:cod":6,"minecraft:cobblestone":526,"minecraft:birch_log":2,"minecraft:leather_chestplate":1,"minecraft:lilac":1,"minecraft:feather":27,"minecraft:cooked_beef":8,"minecraft:water_bucket":1,"minecraft:andesite":6,"minecraft:brown_wool":1,"minecraft:lapis_lazuli":104,"minecraft:dirt":1558,"minecraft:bone":23,"minecraft:bow":2,"minecraft:stonecutter":1,"minecraft:wheat_seeds":83,"minecraft:raw_gold":8,"minecraft:oak_planks":146,"minecraft:stone_hoe":4,"minecraft:sand":301,"minecraft:dark_oak_log":5,"minecraft:diamond":7,"minecraft:spruce_boat":5,"minecraft:crossbow":7,"minecraft:granite":5,"minecraft:golden_horse_armor":3,"minecraft:bread":64,"minecraft:oak_sapling":48,"minecraft:crafting_table":25,"minecraft:azure_bluet":2,"minecraft:ominous_bottle":4,"minecraft:chicken":24,"minecraft:clay_ball":4,"minecraft:wooden_pickaxe":2,"minecraft:pink_wool":1,"minecraft:shield":4,"minecraft:cornflower":3,"minecraft:iron_axe":6,"minecraft:wooden_sword":1,"minecraft:flint_and_steel":7,"minecraft:iron_shovel":1,"minecraft:beef":119,"minecraft:oak_boat":5,"minecraft:iron_nugget":54,"minecraft:poppy":4,"minecraft:light_gray_wool":3,"minecraft:sugar_cane":35,"minecraft:chest":2,"minecraft:birch_sapling":2,"minecraft:egg":9,"minecraft:raw_iron":68,"minecraft:sandstone":235,"minecraft:carrot":5,"minecraft:redstone":31,"minecraft:prismarine_crystals":6,"minecraft:arrow":40,"minecraft:stone_shovel":2,"minecraft:cooked_cod":1,"minecraft:peony":4,"minecraft:saddle":1,"minecraft:gold_ingot":6,"minecraft:mutton":78,"minecraft:white_wool":55,"minecraft:oxeye_daisy":1,"minecraft:basalt":10,"minecraft:tripwire_hook":2,"minecraft:salmon":12,"minecraft:leather":111,"minecraft:yellow_dye":3,"minecraft:filled_map":1,"minecraft:birch_planks":4,"minecraft:oak_log":1063,"minecraft:gunpowder":8,"minecraft:blue_bed":3,"minecraft:paper":2,"minecraft:apple":31,"minecraft:heart_of_the_sea":7,"minecraft:iron_ingot":62,"minecraft:stone_pickaxe":1,"minecraft:glass_bottle":2,"minecraft:iron_sword":6,"minecraft:book":12,"minecraft:sweet_berries":339,"minecraft:dandelion":20,"minecraft:dripstone_block":26,"minecraft:gravel":1,"minecraft:spruce_sapling":4,"minecraft:white_bed":4,"minecraft:spruce_log":168,"minecraft:spider_eye":10,"minecraft:spruce_door":1,"minecraft:diamond_shovel":5,"minecraft:purple_bed":1,"minecraft:iron_helmet":3,"minecraft:gray_wool":2,"minecraft:black_wool":1,"minecraft:coal":262},"minecraft:dropped":{"minecraft:iron_sword":1,"minecraft:birch_planks":2,"minecraft:ominous_bottle":4,"minecraft:cooked_beef":8,"minecraft:oak_log":159,"minecraft:crafting_table":2,"minecraft:dirt":104,"minecraft:mutton":5,"minecraft:sand":182,"minecraft:iron_pickaxe":1,"minecraft:white_wool":3,"minecraft:bone":1,"minecraft:golden_chestplate":1,"minecraft:obsidian":9,"minecraft:pointed_dripstone":4,"minecraft:rotten_flesh":2,"minecraft:poppy":1,"minecraft:gunpowder":6,"minecraft:beef":1,"minecraft:egg":1,"minecraft:stone_hoe":1,"minecraft:iron_ingot":7,"minecraft:bread":5,"minecraft:wheat_seeds":5,"minecraft:dripstone_block":3,"minecraft:feather":7,"minecraft:granite":1,"minecraft:coal":21,"minecraft:gray_wool":1,"minecraft:torch":1,"minecraft:potion":1,"minecraft:iron_shovel":1,"minecraft:string":6,"minecraft:spruce_sapling":1,"minecraft:stone_sword":1,"minecraft:raw_copper":2,"minecraft:raw_iron":4,"minecraft:stone_shovel":1,"minecraft:light_gray_wool":2,"minecraft:filled_map":1,"minecraft:potato":5,"minecraft:spruce_planks":7,"minecraft:spider_eye":3,"minecraft:sandstone":38,"minecraft:bow":1,"minecraft:wooden_pickaxe":2}},"DataVersion":3953}