{"stats":{"minecraft:mined":{"minecraft:diamond_ore":1,"minecraft:white_bed":4,"minecraft:granite":5,"minecraft:grass_block":30,"minecraft:spruce_leaves":35,"minecraft:sandstone":239,"minecraft:large_fern":19,"minecraft:redstone_ore":6,"minecraft:furnace":6,"minecraft:iron_ore":31,"minecraft:andesite":1,"minecraft:deepslate_lapis_ore":2,"minecraft:deepslate_iron_ore":6,"minecraft:pointed_dripstone":21,"minecraft:stone":273,"minecraft:white_wool":1,"minecraft:spruce_door":1,"minecraft:crafting_table":15,"minecraft:short_grass":22,"minecraft:tall_grass":2,"minecraft:copper_ore":2,"minecraft:cobblestone":4,"minecraft:deepslate_gold_ore":3,"minecraft:lapis_ore":7,"minecraft:sugar_cane":14,"minecraft:diorite":21,"minecraft:blue_bed":3,"minecraft:wall_torch":3,"minecraft:purple_bed":1,"minecraft:sweet_berry_bush":152,"minecraft:lilac":1,"minecraft:spruce_log":113,"minecraft:birch_leaves":1,"minecraft:coal_ore":176,"minecraft:oak_log":2,"minecraft:dirt":11,"minecraft:sand":109,"minecraft:dripstone_block":28,"minecraft:gold_ore":5,"minecraft:oak_leaves":11,"minecraft:deepslate":3,"minecraft:fern":17},"minecraft:custom":{"minecraft:interact_with_smithing_table":1,"minecraft:mob_kills":142,"minecraft:animals_bred":2,"minecraft:interact_with_crafting_table":44,"minecraft:time_since_death":16003,"minecraft:sprint_one_cm":943298,"minecraft:walk_one_cm":1231870,"minecraft:damage_blocked_by_shield":662,"minecraft:drop":41,"minecraft:talked_to_villager":1,"minecraft:play_time":341408,"minecraft:deaths":9,"minecraft:sneak_time":2574,"minecraft:walk_under_water_one_cm":37422,"minecraft:boat_one_cm":224470,"minecraft:jump":5001,"minecraft:walk_on_water_one_cm":99462,"minecraft:total_world_time":341408,"minecraft:interact_with_furnace":36,"minecraft:interact_with_grindstone":2,"minecraft:sleep_in_bed":9,"minecraft:time_since_rest":16056,"minecraft:damage_taken":5939,"minecraft:damage_dealt":15061,"minecraft:swim_one_cm":136775,"minecraft:fly_one_cm":328794,"minecraft:player_kills":1,"minecraft:open_chest":47,"minecraft:crouch_one_cm":8058,"minecraft:fall_one_cm":116131},"minecraft:broken":{"minecraft:stone_pickaxe":2},"minecraft:killed":{"minecraft:spider":10,"minecraft:skeleton":12,"minecraft:chicken":9,"minecraft:drowned":1,"minecraft:pig":16,"minecraft:creeper":2,"minecraft:sheep":37,"minecraft:zombie":8,"minecraft:cow":23},"minecraft:killed_by":{"minecraft:creeper":1,"minecraft:skeleton":1,"minecraft:zombie":2},"minecraft:used":{"minecraft:stone_sword":96,"minecraft:iron_shovel":44,"minecraft:stone_shovel":79,"minecraft:chest":3,"minecraft:shield":23,"minecraft:iron_sword":217,"minecraft:cooked_chicken":4,"minecraft:rotten_flesh":2,"minecraft:torch":71,"minecraft:mutton":12,"minecraft:spruce_boat":4,"minecraft:beef":13,"minecraft:sweet_berries":113,"minecraft:furnace":6,"minecraft:cooked_cod":7,"minecraft:egg":1,"minecraft:cooked_beef":5,"minecraft:potato":6,"minecraft:pointed_dripstone":1,"minecraft:cooked_mutton":10,"minecraft:diorite":19,"minecraft:spruce_door":3,"minecraft:stone_pickaxe":356,"minecraft:wooden_pickaxe":78,"minecraft:sandstone":66,"minecraft:blue_bed":1,"minecraft:white_wool":1,"minecraft:sand":70,"minecraft:crafting_table":16,"minecraft:white_bed":4,"minecraft:dripstone_block":4,"minecraft:spruce_log":57,"minecraft:black_wool":1,"minecraft:chicken":1,"minecraft:bread":11,"minecraft:suspicious_stew":1,"minecraft:iron_pickaxe":423,"minecraft:stone_axe":103,"minecraft:wooden_sword":63,"minecraft:purple_bed":1,"minecraft:cobblestone":153,"minecraft:porkchop":27},"minecraft:crafted":{"minecraft:wooden_sword":2,"minecraft:oak_planks":8,"minecraft:stone_shovel":1,"minecraft:cooked_chicken":5,"minecraft:furnace":1,"minecraft:cooked_mutton":10,"minecraft:iron_boots":1,"minecraft:stone_pickaxe":3,"minecraft:chest":3,"minecraft:spruce_boat":3,"minecraft:cooked_beef":11,"minecraft:cooked_porkchop":8,"minecraft:crafting_table":4,"minecraft:spruce_planks":112,"minecraft:wooden_pickaxe":3,"minecraft:iron_helmet":1,"minecraft:iron_sword":2,"minecraft:spruce_door":3,"minecraft:stone_axe":1,"minecraft:iron_chestplate":2,"minecraft:shield":2,"minecraft:stick":40,"minecraft:iron_pickaxe":1,"minecraft:iron_ingot":21,"minecraft:stone_sword":2,"minecraft:white_bed":1,"minecraft:torch":68},"minecraft:picked_up":{"minecraft:iron_chestplate":1,"minecraft:crafting_table":17,"minecraft:chicken":11,"minecraft:clay_ball":4,"minecraft:wooden_pickaxe":2,"minecraft:pink_wool":1,"minecraft:potion":2,"minecraft:shield":1,"minecraft:string":10,"minecraft:raw_copper":7,"minecraft:wooden_sword":1,"minecraft:iron_shovel":1,"minecraft:cobbled_deepslate":3,"minecraft:spruce_planks":20,"minecraft:beef":75,"minecraft:iron_nugget":12,"minecraft:iron_pickaxe":1,"minecraft:light_gray_wool":3,"minecraft:sugar_cane":35,"minecraft:furnace":6,"minecraft:egg":6,"minecraft:stick":18,"minecraft:raw_iron":40,"minecraft:sandstone":235,"minecraft:torch":12,"minecraft:porkchop":36,"minecraft:pointed_dripstone":61,"minecraft:diorite":22,"minecraft:redstone":24,"minecraft:prismarine_crystals":6,"minecraft:cooked_cod":1,"minecraft:stone_shovel":2,"minecraft:stone_sword":1,"minecraft:arrow":14,"minecraft:rotten_flesh":11,"minecraft:gold_ingot":6,"minecraft:mutton":53,"minecraft:cobblestone":391,"minecraft:white_wool":31,"minecraft:birch_log":2,"minecraft:leather_chestplate":1,"minecraft:feather":11,"minecraft:lilac":1,"minecraft:andesite":1,"minecraft:brown_wool":1,"minecraft:leather":32,"minecraft:filled_map":1,"minecraft:oak_log":8,"minecraft:gunpowder":6,"minecraft:lapis_lazuli":82,"minecraft:blue_bed":3,"minecraft:dirt":78,"minecraft:paper":2,"minecraft:bone":20,"minecraft:bow":2,"minecraft:wheat_seeds":7,"minecraft:raw_gold":8,"minecraft:heart_of_the_sea":1,"minecraft:stone_pickaxe":1,"minecraft:iron_ingot":16,"minecraft:iron_sword":1,"minecraft:sweet_berries":339,"minecraft:dripstone_block":26,"minecraft:sand":142,"minecraft:spruce_sapling":4,"minecraft:white_bed":4,"minecraft:spruce_log":128,"minecraft:spruce_door":1,"minecraft:spider_eye":9,"minecraft:diamond":1,"minecraft:purple_bed":1,"minecraft:spruce_boat":5,"minecraft:granite":5,"minecraft:gray_wool":2,"minecraft:black_wool":1,"minecraft:coal":182},"minecraft:dropped":{"minecraft:bread":5,"minecraft:wheat_seeds":1,"minecraft:dripstone_block":3,"minecraft:feather":7,"minecraft:granite":1,"minecraft:dirt":40,"minecraft:gray_wool":1,"minecraft:torch":1,"minecraft:mutton":5,"minecraft:iron_pickaxe":1,"minecraft:iron_shovel":1,"minecraft:string":6,"minecraft:white_wool":3,"minecraft:spruce_sapling":1,"minecraft:bone":1,"minecraft:stone_sword":1,"minecraft:raw_copper":2,"minecraft:stone_shovel":1,"minecraft:raw_iron":4,"minecraft:pointed_dripstone":4,"minecraft:rotten_flesh":2,"minecraft:light_gray_wool":2,"minecraft:filled_map":1,"minecraft:potato":5,"minecraft:gunpowder":6,"minecraft:spruce_planks":7,"minecraft:spider_eye":3,"minecraft:sandstone":38,"minecraft:bow":1,"minecraft:beef":1,"minecraft:wooden_pickaxe":2,"minecraft:egg":1}},"DataVersion":3953}