{"stats":{"minecraft:picked_up":{"minecraft:crafting_table":2,"minecraft:leather":1,"minecraft:gunpowder":1,"minecraft:string":2,"minecraft:dirt":12,"minecraft:raw_copper":5,"minecraft:iron_shovel":1,"minecraft:wheat_seeds":4,"minecraft:beef":5,"minecraft:light_gray_wool":1,"minecraft:sugar_cane":7,"minecraft:furnace":2,"minecraft:raw_iron":7,"minecraft:sweet_berries":63,"minecraft:dripstone_block":16,"minecraft:porkchop":11,"minecraft:sand":2,"minecraft:spruce_sapling":1,"minecraft:pointed_dripstone":35,"minecraft:diorite":9,"minecraft:spruce_log":30,"minecraft:spider_eye":1,"minecraft:stone_sword":1,"minecraft:granite":1,"minecraft:gray_wool":1,"minecraft:black_wool":1,"minecraft:mutton":12,"minecraft:coal":77,"minecraft:white_wool":7,"minecraft:cobblestone":86},"minecraft:used":{"minecraft:cooked_mutton":1,"minecraft:diorite":9,"minecraft:stone_sword":96,"minecraft:iron_shovel":12,"minecraft:stone_pickaxe":92,"minecraft:chest":1,"minecraft:wooden_pickaxe":21,"minecraft:white_wool":1,"minecraft:mutton":2,"minecraft:crafting_table":2,"minecraft:dripstone_block":4,"minecraft:black_wool":1,"minecraft:bread":4,"minecraft:iron_pickaxe":110,"minecraft:stone_axe":24,"minecraft:beef":4,"minecraft:sweet_berries":22,"minecraft:furnace":2,"minecraft:porkchop":11},"minecraft:dropped":{"minecraft:bread":5,"minecraft:stone_sword":1,"minecraft:raw_iron":4,"minecraft:potato":5,"minecraft:beef":1,"minecraft:iron_pickaxe":1,"minecraft:iron_shovel":1,"minecraft:string":2,"minecraft:white_wool":3,"minecraft:spruce_sapling":1},"minecraft:killed":{"minecraft:pig":6,"minecraft:spider":1,"minecraft:creeper":1,"minecraft:sheep":9,"minecraft:skeleton":1,"minecraft:zombie":2,"minecraft:cow":2},"minecraft:mined":{"minecraft:crafting_table":2,"minecraft:granite":1,"minecraft:short_grass":2,"minecraft:grass_block":12,"minecraft:copper_ore":1,"minecraft:spruce_leaves":11,"minecraft:sugar_cane":4,"minecraft:diorite":9,"minecraft:large_fern":8,"minecraft:furnace":2,"minecraft:iron_ore":8,"minecraft:sweet_berry_bush":30,"minecraft:spruce_log":28,"minecraft:pointed_dripstone":11,"minecraft:coal_ore":82,"minecraft:dripstone_block":17,"minecraft:sand":2,"minecraft:stone":86,"minecraft:white_wool":1,"minecraft:fern":3},"minecraft:crafted":{"minecraft:crafting_table":1,"minecraft:spruce_planks":32,"minecraft:wooden_pickaxe":1,"minecraft:iron_sword":1,"minecraft:furnace":1,"minecraft:stone_axe":1,"minecraft:cooked_mutton":10,"minecraft:shield":1,"minecraft:stick":20,"minecraft:iron_ingot":3,"minecraft:stone_pickaxe":1,"minecraft:stone_sword":1,"minecraft:chest":1},"minecraft:custom":{"minecraft:interact_with_smithing_table":1,"minecraft:interact_with_furnace":5,"minecraft:mob_kills":22,"minecraft:interact_with_crafting_table":10,"minecraft:interact_with_grindstone":2,"minecraft:time_since_death":71675,"minecraft:sleep_in_bed":1,"minecraft:time_since_rest":66028,"minecraft:sprint_one_cm":68621,"minecraft:walk_one_cm":173237,"minecraft:damage_taken":849,"minecraft:drop":10,"minecraft:damage_dealt":2626,"minecraft:swim_one_cm":8609,"minecraft:talked_to_villager":1,"minecraft:fly_one_cm":21188,"minecraft:open_chest":6,"minecraft:play_time":71675,"minecraft:walk_under_water_one_cm":541,"minecraft:jump":710,"minecraft:walk_on_water_one_cm":11214,"minecraft:total_world_time":71675,"minecraft:fall_one_cm":20374}},"DataVersion":3953}