{"stats":{"minecraft:mined":{"minecraft:white_bed":2,"minecraft:crafting_table":6,"minecraft:granite":5,"minecraft:short_grass":2,"minecraft:grass_block":15,"minecraft:copper_ore":2,"minecraft:cobblestone":4,"minecraft:spruce_leaves":14,"minecraft:sugar_cane":4,"minecraft:diorite":19,"minecraft:wall_torch":1,"minecraft:large_fern":8,"minecraft:furnace":4,"minecraft:iron_ore":25,"minecraft:sweet_berry_bush":30,"minecraft:spruce_log":40,"minecraft:pointed_dripstone":20,"minecraft:coal_ore":148,"minecraft:dripstone_block":28,"minecraft:sand":2,"minecraft:dirt":6,"minecraft:stone":170,"minecraft:white_wool":1,"minecraft:fern":3},"minecraft:custom":{"minecraft:interact_with_smithing_table":1,"minecraft:interact_with_furnace":22,"minecraft:mob_kills":30,"minecraft:interact_with_crafting_table":18,"minecraft:interact_with_grindstone":2,"minecraft:time_since_death":119408,"minecraft:sleep_in_bed":3,"minecraft:time_since_rest":20246,"minecraft:sprint_one_cm":113323,"minecraft:damage_taken":1458,"minecraft:walk_one_cm":305597,"minecraft:damage_blocked_by_shield":80,"minecraft:drop":10,"minecraft:damage_dealt":3920,"minecraft:swim_one_cm":8609,"minecraft:talked_to_villager":1,"minecraft:fly_one_cm":36674,"minecraft:open_chest":8,"minecraft:play_time":119408,"minecraft:walk_under_water_one_cm":2927,"minecraft:jump":1361,"minecraft:walk_on_water_one_cm":14524,"minecraft:total_world_time":119408,"minecraft:fall_one_cm":38343},"minecraft:killed":{"minecraft:pig":8,"minecraft:spider":3,"minecraft:creeper":2,"minecraft:sheep":9,"minecraft:skeleton":4,"minecraft:zombie":2,"minecraft:cow":2},"minecraft:broken":{"minecraft:stone_pickaxe":2},"minecraft:crafted":{"minecraft:crafting_table":1,"minecraft:spruce_planks":36,"minecraft:wooden_pickaxe":1,"minecraft:iron_helmet":1,"minecraft:iron_sword":1,"minecraft:furnace":1,"minecraft:stone_axe":1,"minecraft:cooked_mutton":10,"minecraft:iron_boots":1,"minecraft:iron_chestplate":1,"minecraft:shield":1,"minecraft:stick":20,"minecraft:iron_ingot":20,"minecraft:stone_pickaxe":2,"minecraft:stone_sword":1,"minecraft:chest":1,"minecraft:white_bed":1,"minecraft:torch":24},"minecraft:used":{"minecraft:cooked_mutton":9,"minecraft:diorite":19,"minecraft:stone_sword":96,"minecraft:iron_shovel":19,"minecraft:stone_pickaxe":262,"minecraft:shield":4,"minecraft:chest":1,"minecraft:wooden_pickaxe":21,"minecraft:iron_sword":25,"minecraft:white_wool":1,"minecraft:torch":24,"minecraft:mutton":2,"minecraft:crafting_table":6,"minecraft:white_bed":2,"minecraft:dripstone_block":4,"minecraft:black_wool":1,"minecraft:bread":4,"minecraft:iron_pickaxe":146,"minecraft:stone_axe":41,"minecraft:cobblestone":153,"minecraft:beef":4,"minecraft:sweet_berries":22,"minecraft:furnace":4,"minecraft:porkchop":11,"minecraft:potato":5},"minecraft:picked_up":{"minecraft:crafting_table":6,"minecraft:leather":1,"minecraft:gunpowder":3,"minecraft:dirt":42,"minecraft:string":2,"minecraft:raw_copper":7,"minecraft:iron_shovel":1,"minecraft:bone":5,"minecraft:wheat_seeds":4,"minecraft:beef":5,"minecraft:light_gray_wool":1,"minecraft:sugar_cane":7,"minecraft:furnace":4,"minecraft:raw_iron":24,"minecraft:sweet_berries":63,"minecraft:torch":1,"minecraft:dripstone_block":26,"minecraft:porkchop":16,"minecraft:sand":2,"minecraft:spruce_sapling":1,"minecraft:pointed_dripstone":58,"minecraft:diorite":19,"minecraft:white_bed":2,"minecraft:spruce_log":42,"minecraft:spider_eye":2,"minecraft:stone_sword":1,"minecraft:arrow":3,"minecraft:rotten_flesh":1,"minecraft:granite":5,"minecraft:gray_wool":1,"minecraft:black_wool":1,"minecraft:mutton":12,"minecraft:coal":143,"minecraft:white_wool":7,"minecraft:cobblestone":172},"minecraft:dropped":{"minecraft:bread":5,"minecraft:stone_sword":1,"minecraft:raw_iron":4,"minecraft:potato":5,"minecraft:beef":1,"minecraft:iron_pickaxe":1,"minecraft:iron_shovel":1,"minecraft:string":2,"minecraft:white_wool":3,"minecraft:spruce_sapling":1}},"DataVersion":3953}