{"stats":{"minecraft:mined":{"minecraft:white_bed":4,"minecraft:granite":5,"minecraft:grass_block":25,"minecraft:spruce_leaves":24,"minecraft:sandstone":20,"minecraft:large_fern":18,"minecraft:furnace":6,"minecraft:iron_ore":27,"minecraft:pointed_dripstone":21,"minecraft:stone":199,"minecraft:white_wool":1,"minecraft:crafting_table":11,"minecraft:short_grass":7,"minecraft:copper_ore":2,"minecraft:cobblestone":4,"minecraft:sugar_cane":7,"minecraft:diorite":19,"minecraft:blue_bed":3,"minecraft:wall_torch":2,"minecraft:sweet_berry_bush":134,"minecraft:lilac":1,"minecraft:spruce_log":93,"minecraft:coal_ore":148,"minecraft:oak_log":2,"minecraft:dirt":9,"minecraft:sand":27,"minecraft:dripstone_block":28,"minecraft:oak_leaves":11,"minecraft:fern":13},"minecraft:custom":{"minecraft:interact_with_smithing_table":1,"minecraft:mob_kills":116,"minecraft:animals_bred":2,"minecraft:interact_with_crafting_table":32,"minecraft:time_since_death":5919,"minecraft:sprint_one_cm":706668,"minecraft:walk_one_cm":943781,"minecraft:damage_blocked_by_shield":214,"minecraft:drop":38,"minecraft:talked_to_villager":1,"minecraft:play_time":257408,"minecraft:deaths":6,"minecraft:sneak_time":2574,"minecraft:walk_under_water_one_cm":10847,"minecraft:boat_one_cm":182172,"minecraft:jump":3849,"minecraft:walk_on_water_one_cm":53207,"minecraft:total_world_time":257408,"minecraft:interact_with_furnace":36,"minecraft:interact_with_grindstone":2,"minecraft:sleep_in_bed":5,"minecraft:time_since_rest":5941,"minecraft:damage_taken":4575,"minecraft:damage_dealt":11310,"minecraft:swim_one_cm":48242,"minecraft:fly_one_cm":225165,"minecraft:player_kills":1,"minecraft:open_chest":25,"minecraft:crouch_one_cm":8058,"minecraft:fall_one_cm":90381},"minecraft:broken":{"minecraft:stone_pickaxe":2},"minecraft:killed":{"minecraft:spider":7,"minecraft:skeleton":6,"minecraft:chicken":8,"minecraft:drowned":1,"minecraft:pig":13,"minecraft:creeper":2,"minecraft:sheep":35,"minecraft:zombie":7,"minecraft:cow":13},"minecraft:killed_by":{"minecraft:creeper":1,"minecraft:skeleton":1,"minecraft:zombie":1},"minecraft:used":{"minecraft:stone_sword":96,"minecraft:iron_shovel":44,"minecraft:chest":2,"minecraft:shield":9,"minecraft:iron_sword":167,"minecraft:cooked_chicken":4,"minecraft:rotten_flesh":2,"minecraft:torch":25,"minecraft:mutton":11,"minecraft:spruce_boat":3,"minecraft:beef":5,"minecraft:sweet_berries":82,"minecraft:furnace":6,"minecraft:cooked_beef":5,"minecraft:potato":6,"minecraft:pointed_dripstone":1,"minecraft:cooked_mutton":10,"minecraft:diorite":19,"minecraft:stone_pickaxe":262,"minecraft:wooden_pickaxe":21,"minecraft:blue_bed":1,"minecraft:white_wool":1,"minecraft:crafting_table":11,"minecraft:white_bed":4,"minecraft:dripstone_block":4,"minecraft:spruce_log":57,"minecraft:black_wool":1,"minecraft:bread":11,"minecraft:suspicious_stew":1,"minecraft:iron_pickaxe":212,"minecraft:stone_axe":103,"minecraft:wooden_sword":26,"minecraft:cobblestone":153,"minecraft:porkchop":20},"minecraft:crafted":{"minecraft:wooden_sword":1,"minecraft:oak_planks":8,"minecraft:cooked_chicken":5,"minecraft:furnace":1,"minecraft:cooked_mutton":10,"minecraft:iron_boots":1,"minecraft:stone_pickaxe":2,"minecraft:chest":2,"minecraft:spruce_boat":2,"minecraft:cooked_beef":11,"minecraft:cooked_porkchop":8,"minecraft:crafting_table":2,"minecraft:spruce_planks":64,"minecraft:wooden_pickaxe":2,"minecraft:iron_helmet":1,"minecraft:iron_sword":1,"minecraft:stone_axe":1,"minecraft:iron_chestplate":1,"minecraft:shield":1,"minecraft:stick":20,"minecraft:iron_ingot":20,"minecraft:stone_sword":2,"minecraft:white_bed":1,"minecraft:torch":24},"minecraft:picked_up":{"minecraft:crafting_table":11,"minecraft:chicken":9,"minecraft:wooden_pickaxe":1,"minecraft:pink_wool":1,"minecraft:string":6,"minecraft:raw_copper":7,"minecraft:iron_shovel":1,"minecraft:spruce_planks":7,"minecraft:beef":33,"minecraft:light_gray_wool":3,"minecraft:sugar_cane":13,"minecraft:furnace":6,"minecraft:egg":4,"minecraft:raw_iron":26,"minecraft:sandstone":38,"minecraft:torch":2,"minecraft:porkchop":29,"minecraft:pointed_dripstone":61,"minecraft:diorite":19,"minecraft:stone_sword":1,"minecraft:arrow":6,"minecraft:rotten_flesh":11,"minecraft:mutton":50,"minecraft:cobblestone":201,"minecraft:white_wool":27,"minecraft:birch_log":2,"minecraft:feather":7,"minecraft:lilac":1,"minecraft:brown_wool":1,"minecraft:leather":12,"minecraft:oak_log":2,"minecraft:gunpowder":6,"minecraft:blue_bed":3,"minecraft:dirt":58,"minecraft:bone":10,"minecraft:bow":2,"minecraft:wheat_seeds":6,"minecraft:sweet_berries":297,"minecraft:dripstone_block":26,"minecraft:sand":25,"minecraft:spruce_sapling":3,"minecraft:white_bed":4,"minecraft:spruce_log":95,"minecraft:spider_eye":7,"minecraft:spruce_boat":3,"minecraft:granite":5,"minecraft:gray_wool":2,"minecraft:black_wool":1,"minecraft:coal":143},"minecraft:dropped":{"minecraft:bread":5,"minecraft:dripstone_block":3,"minecraft:feather":7,"minecraft:granite":1,"minecraft:dirt":40,"minecraft:gray_wool":1,"minecraft:torch":1,"minecraft:mutton":5,"minecraft:iron_pickaxe":1,"minecraft:iron_shovel":1,"minecraft:string":6,"minecraft:white_wool":3,"minecraft:spruce_sapling":1,"minecraft:bone":1,"minecraft:stone_sword":1,"minecraft:raw_copper":2,"minecraft:raw_iron":4,"minecraft:pointed_dripstone":4,"minecraft:rotten_flesh":2,"minecraft:light_gray_wool":2,"minecraft:potato":5,"minecraft:gunpowder":6,"minecraft:spruce_planks":7,"minecraft:spider_eye":3,"minecraft:sandstone":38,"minecraft:bow":1,"minecraft:beef":1,"minecraft:wooden_pickaxe":2,"minecraft:egg":1}},"DataVersion":3953}