{"stats":{"minecraft:used":{"minecraft:stone_pickaxe":74,"minecraft:wooden_pickaxe":7,"minecraft:shield":18,"minecraft:iron_sword":5,"minecraft:stone_axe":1,"minecraft:torch":1,"minecraft:crafting_table":2},"minecraft:custom":{"minecraft:time_since_rest":8897,"minecraft:sprint_one_cm":49331,"minecraft:damage_taken":431,"minecraft:walk_one_cm":109523,"minecraft:damage_blocked_by_shield":810,"minecraft:drop":2,"minecraft:damage_dealt":318,"minecraft:traded_with_villager":8,"minecraft:interact_with_crafting_table":6,"minecraft:swim_one_cm":1885,"minecraft:talked_to_villager":16,"minecraft:fly_one_cm":40191,"minecraft:open_chest":17,"minecraft:crouch_one_cm":75,"minecraft:play_time":30350,"minecraft:deaths":1,"minecraft:sneak_time":68,"minecraft:walk_under_water_one_cm":57,"minecraft:boat_one_cm":67384,"minecraft:jump":484,"minecraft:leave_game":1,"minecraft:time_since_death":8831,"minecraft:walk_on_water_one_cm":1541,"minecraft:climb_one_cm":6114,"minecraft:total_world_time":30350,"minecraft:fall_one_cm":7561},"minecraft:dropped":{"minecraft:string":2},"minecraft:killed_by":{"minecraft:player":1},"minecraft:picked_up":{"minecraft:crafting_table":2,"minecraft:andesite":1,"minecraft:torch":2,"minecraft:gravel":21,"minecraft:flint":2,"minecraft:mossy_cobblestone":3,"minecraft:string":9,"minecraft:spider_eye":2,"minecraft:dirt":5,"minecraft:oak_planks":48,"minecraft:coal":3,"minecraft:cobblestone":148},"minecraft:crafted":{"minecraft:emerald":8,"minecraft:shield":1,"minecraft:stick":12,"minecraft:wooden_pickaxe":2,"minecraft:stone_pickaxe":1,"minecraft:iron_sword":1,"minecraft:air":0},"minecraft:mined":{"minecraft:mossy_cobblestone":2,"minecraft:crafting_table":1,"minecraft:grass":3,"minecraft:coal_ore":3,"minecraft:dirt":1,"minecraft:cobblestone":4,"minecraft:spruce_leaves":2,"minecraft:stone":68,"minecraft:spawner":1}},"DataVersion":3120}