{"stats":{"minecraft:killed_by":{"man:managgresive":1,"minecraft:player":1,"goatman:goatman":1},"minecraft:crafted":{"minecraft:oak_planks":44,"minecraft:emerald":14,"minecraft:shield":1,"minecraft:stick":12,"minecraft:wooden_pickaxe":2,"minecraft:stone_pickaxe":1,"minecraft:iron_sword":1,"minecraft:birch_planks":684,"minecraft:air":0},"minecraft:used":{"minecraft:bread":1,"minecraft:stone_pickaxe":74,"minecraft:wooden_pickaxe":7,"minecraft:iron_sword":17,"minecraft:shield":25,"minecraft:torch":2,"minecraft:stone_axe":235,"minecraft:dirt":5,"minecraft:crafting_table":2,"minecraft:andesite":1},"minecraft:mined":{"minecraft:mossy_cobblestone":2,"minecraft:birch_log":180,"minecraft:lilac":1,"minecraft:pumpkin":7,"minecraft:orange_tulip":1,"minecraft:crafting_table":1,"minecraft:grass":7,"minecraft:grass_block":1,"minecraft:oak_log":12,"minecraft:coal_ore":3,"minecraft:dirt":1,"minecraft:tall_grass":4,"minecraft:cobblestone":4,"minecraft:spruce_leaves":2,"minecraft:white_tulip":1,"minecraft:stone":68,"minecraft:wall_torch":1,"minecraft:spawner":1},"minecraft:dropped":{"minecraft:dirt":1,"minecraft:string":2},"minecraft:picked_up":{"minecraft:birch_log":171,"minecraft:stick":24,"minecraft:crafting_table":2,"minecraft:lilac":1,"minecraft:pumpkin":7,"minecraft:andesite":1,"minecraft:torch":3,"minecraft:gravel":21,"minecraft:flint":2,"minecraft:oak_log":11,"minecraft:dirt":7,"minecraft:spider_eye":3,"minecraft:string":10,"minecraft:mossy_cobblestone":3,"minecraft:apple":1,"minecraft:orange_tulip":1,"minecraft:white_tulip":1,"minecraft:oak_sapling":8,"minecraft:birch_sapling":46,"minecraft:oak_planks":48,"minecraft:coal":3,"minecraft:cobblestone":148,"minecraft:egg":1},"minecraft:broken":{"minecraft:stone_axe":1},"minecraft:custom":{"minecraft:time_since_rest":12314,"minecraft:sprint_one_cm":80765,"minecraft:damage_taken":926,"minecraft:walk_one_cm":220989,"minecraft:damage_blocked_by_shield":960,"minecraft:drop":3,"minecraft:damage_dealt":558,"minecraft:interact_with_crafting_table":6,"minecraft:traded_with_villager":14,"minecraft:swim_one_cm":5404,"minecraft:fly_one_cm":95117,"minecraft:talked_to_villager":20,"minecraft:open_chest":22,"minecraft:crouch_one_cm":182,"minecraft:play_time":53881,"minecraft:deaths":3,"minecraft:sneak_time":92,"minecraft:walk_under_water_one_cm":2009,"minecraft:boat_one_cm":67384,"minecraft:jump":897,"minecraft:leave_game":3,"minecraft:time_since_death":12284,"minecraft:walk_on_water_one_cm":4496,"minecraft:sleep_in_bed":2,"minecraft:total_world_time":53881,"minecraft:climb_one_cm":11148,"minecraft:fall_one_cm":14501}},"DataVersion":3120}