{"stats":{"minecraft:custom":{"minecraft:interact_with_smithing_table":1,"minecraft:interact_with_anvil":2,"minecraft:mob_kills":54,"minecraft:interact_with_crafting_table":61,"minecraft:bell_ring":39,"minecraft:leave_game":6,"minecraft:time_since_death":147454,"minecraft:climb_one_cm":58709,"minecraft:sprint_one_cm":732168,"minecraft:walk_one_cm":1844028,"minecraft:damage_blocked_by_shield":4400,"minecraft:drop":130,"minecraft:talked_to_villager":46,"minecraft:play_time":464935,"minecraft:sneak_time":11540,"minecraft:deaths":8,"minecraft:walk_under_water_one_cm":40747,"minecraft:boat_one_cm":471759,"minecraft:jump":4600,"minecraft:walk_on_water_one_cm":53544,"minecraft:enchant_item":2,"minecraft:total_world_time":464935,"minecraft:interact_with_furnace":73,"minecraft:traded_with_villager":29,"minecraft:sleep_in_bed":34,"minecraft:time_since_rest":12825,"minecraft:damage_taken":4634,"minecraft:damage_dealt":17745,"minecraft:swim_one_cm":88120,"minecraft:fly_one_cm":702905,"minecraft:open_chest":490,"minecraft:crouch_one_cm":42801,"minecraft:fall_one_cm":98395},"minecraft:crafted":{"minecraft:oak_planks":612,"minecraft:birch_boat":1,"minecraft:pink_dye":1,"travelersbackpack:blank_upgrade":4,"minecraft:glass":115,"travelersbackpack:white_sleeping_bag":1,"minecraft:diamond_helmet":1,"minecraft:diamond_leggings":1,"minecraft:iron_axe":4,"minecraft:stone_pickaxe":1,"minecraft:chest":14,"minecraft:diamond_boots":1,"minecraft:stone_hoe":1,"minecraft:gray_bed":1,"travelersbackpack:iron_tier_upgrade":1,"minecraft:emerald":29,"travelersbackpack:backpack_tank":4,"minecraft:wooden_pickaxe":2,"travelersbackpack:standard":1,"minecraft:iron_sword":2,"minecraft:copper_ingot":2,"minecraft:birch_planks":684,"minecraft:bucket":1,"minecraft:orange_dye":1,"minecraft:bread":111,"minecraft:air":0,"travelersbackpack:squid":1,"minecraft:oak_boat":1,"minecraft:charcoal":29,"minecraft:wooden_hoe":1,"minecraft:shield":3,"minecraft:stick":100,"minecraft:iron_ingot":11,"minecraft:iron_pickaxe":1,"minecraft:gold_ingot":2,"minecraft:white_bed":1,"minecraft:diamond_chestplate":1},"minecraft:dropped":{"minecraft:bread":44,"justhammers:diamond_hammer":1,"minecraft:iron_sword":2,"minecraft:wheat_seeds":5,"minecraft:oak_log":131,"minecraft:diamond":2,"minecraft:orange_tulip":2,"minecraft:apple":1,"minecraft:fletching_table":1,"minecraft:coal":3,"minecraft:stick":13,"minecraft:dirt":74,"minecraft:brewing_stand":1,"minecraft:iron_shovel":1,"minecraft:string":2,"minecraft:birch_log":34,"minecraft:redstone":37,"minecraft:gravel":16,"minecraft:stone_axe":2,"minecraft:cobbled_deepslate":245,"minecraft:obsidian":4,"minecraft:tuff":195,"minecraft:raw_iron":35,"minecraft:rotten_flesh":1,"minecraft:carrot":24,"minecraft:potato":40,"minecraft:peony":2,"minecraft:oak_boat":1,"minecraft:oak_sapling":47,"minecraft:spider_eye":2,"minecraft:arrow":4},"minecraft:picked_up":{"minecraft:wooden_axe":5,"minecraft:crafting_table":7,"minecraft:wheat":354,"minecraft:sandstone_slab":6,"minecraft:ladder":45,"minecraft:smithing_table":2,"minecraft:wooden_pickaxe":6,"minecraft:brewing_stand":3,"minecraft:shield":2,"minecraft:oak_trapdoor":6,"minecraft:string":36,"minecraft:raw_copper":45,"minecraft:wooden_sword":1,"minecraft:iron_shovel":3,"minecraft:oak_sign":3,"minecraft:cobbled_deepslate":4114,"minecraft:spruce_planks":73,"minecraft:beef":4,"minecraft:white_tulip":2,"minecraft:oak_boat":3,"minecraft:redstone_torch":6,"minecraft:iron_nugget":4,"minecraft:light_gray_wool":4,"minecraft:spruce_slab":3,"minecraft:lectern":1,"minecraft:sugar_cane":2,"minecraft:chest":23,"minecraft:birch_sapling":116,"minecraft:furnace":1,"minecraft:egg":5,"minecraft:stick":714,"minecraft:raw_iron":46,"minecraft:oak_door":6,"minecraft:composter":1,"minecraft:oak_fence":44,"minecraft:torch":18,"minecraft:diorite":9,"minecraft:carrot":24,"minecraft:redstone":114,"minecraft:stone_sword":3,"minecraft:arrow":25,"minecraft:rotten_flesh":36,"minecraft:stone_shovel":1,"minecraft:peony":2,"minecraft:pink_tulip":3,"minecraft:mutton":10,"minecraft:obsidian":11,"minecraft:white_wool":8,"minecraft:cobblestone":367,"minecraft:oxeye_daisy":3,"minecraft:stripped_oak_log":10,"minecraft:birch_log":205,"minecraft:magma_block":1,"minecraft:feather":25,"minecraft:lilac":4,"minecraft:salmon":20,"minecraft:andesite":1,"minecraft:leather":18,"minecraft:potato":40,"minecraft:birch_planks":192,"minecraft:flint":7,"minecraft:tuff":643,"minecraft:oak_log":773,"minecraft:gunpowder":7,"minecraft:cobblestone_stairs":10,"minecraft:lapis_lazuli":290,"minecraft:wooden_hoe":1,"minecraft:dirt":794,"man:cassette_1safetyinstructions":1,"minecraft:glass":340,"minecraft:bone":15,"minecraft:apple":24,"minecraft:wheat_seeds":1702,"minecraft:orange_tulip":4,"minecraft:iron_ingot":200,"minecraft:bell":2,"minecraft:stone_pickaxe":3,"minecraft:oak_fence_gate":2,"minecraft:fletching_table":4,"minecraft:iron_sword":2,"minecraft:soul_sand":5,"minecraft:oak_planks":645,"minecraft:book":2,"minecraft:birch_boat":1,"minecraft:pumpkin":31,"minecraft:gravel":65,"minecraft:sand":142,"justhammers:stone_hammer":1,"minecraft:spruce_sapling":16,"minecraft:ink_sac":6,"minecraft:white_bed":14,"minecraft:grass_block":1,"minecraft:spruce_door":4,"justhammers:diamond_hammer":1,"minecraft:spider_eye":12,"minecraft:mossy_cobblestone":6,"minecraft:spruce_boat":1,"minecraft:diamond":27,"minecraft:stone_axe":20,"minecraft:granite":43,"minecraft:bone_meal":2,"minecraft:gray_wool":3,"minecraft:bread":67,"minecraft:oak_sapling":704,"minecraft:netherrack":9,"minecraft:coal":3,"minecraft:ender_pearl":1},"minecraft:killed":{"minecraft:spider":3,"minecraft:skeleton":4,"minecraft:salmon":22,"minecraft:squid":3,"minecraft:sheep":7,"minecraft:zombie":5,"endofherobrine:sheep":3,"minecraft:enderman":1,"minecraft:cow":4,"demonic_watcher:demonic_watcher":1},"minecraft:mined":{"minecraft:tuff":1,"minecraft:white_bed":10,"minecraft:oak_sapling":9,"minecraft:mossy_cobblestone":2,"minecraft:oak_door":1,"minecraft:mossy_stone_brick_slab":1,"minecraft:cobblestone_stairs":1,"minecraft:granite":2,"minecraft:ladder":3,"minecraft:grass_block":39,"minecraft:oxeye_daisy":3,"minecraft:spruce_leaves":2,"minecraft:composter":1,"minecraft:spawner":1,"minecraft:carrots":5,"minecraft:cobbled_deepslate":25,"minecraft:pumpkin":24,"minecraft:fletching_table":2,"minecraft:peony":3,"minecraft:bell":2,"minecraft:potatoes":7,"minecraft:deepslate_iron_ore":20,"minecraft:stripped_oak_log":10,"minecraft:pink_tulip":3,"minecraft:white_tulip":1,"minecraft:stone":68,"minecraft:spruce_slab":4,"minecraft:glass_pane":1,"minecraft:soul_sand":5,"minecraft:soul_fire":5,"minecraft:stone_brick_slab":1,"minecraft:spruce_door":3,"minecraft:oak_fence":1,"minecraft:crafting_table":5,"minecraft:torch":4,"minecraft:chest":16,"minecraft:lectern":1,"minecraft:copper_ore":1,"minecraft:tall_grass":18,"minecraft:cobblestone":25,"minecraft:oak_planks":57,"minecraft:wall_torch":5,"minecraft:seagrass":1,"minecraft:birch_log":216,"minecraft:wheat":377,"minecraft:lilac":1,"minecraft:orange_tulip":2,"minecraft:grass":55,"minecraft:oak_log":426,"minecraft:coal_ore":3,"minecraft:gravel":19,"minecraft:sand":120,"minecraft:dirt":129,"minecraft:netherrack":9,"minecraft:oak_leaves":15,"minecraft:deepslate":2},"minecraft:killed_by":{"minecraft:ghast":1,"minecraft:player":1,"goatman:goatman":3,"man:managgresive":1,"skinstalker:skinstalker":1},"minecraft:broken":{"minecraft:iron_shovel":1,"minecraft:iron_axe":2,"minecraft:stone_axe":1},"minecraft:used":{"minecraft:oak_fence":9,"minecraft:iron_shovel":261,"minecraft:spruce_slab":9,"minecraft:ladder":19,"minecraft:oak_sign":1,"minecraft:chest":21,"minecraft:spruce_planks":21,"minecraft:shield":116,"minecraft:stone":2,"minecraft:iron_sword":320,"minecraft:bell":2,"minecraft:stone_hoe":46,"minecraft:netherrack":9,"minecraft:oak_door":3,"minecraft:torch":16,"minecraft:dirt":505,"minecraft:tuff":110,"minecraft:granite":4,"minecraft:glass":43,"minecraft:iron_axe":742,"travelersbackpack:squid":1,"minecraft:oak_sapling":239,"minecraft:furnace":1,"minecraft:gray_bed":1,"minecraft:cobbled_deepslate":515,"minecraft:wheat_seeds":415,"minecraft:water_bucket":6,"minecraft:cobblestone_stairs":15,"minecraft:spruce_door":4,"minecraft:stone_pickaxe":120,"minecraft:oak_planks":59,"minecraft:fletching_table":2,"minecraft:wooden_pickaxe":7,"minecraft:birch_boat":2,"minecraft:composter":1,"minecraft:crafting_table":5,"minecraft:white_bed":15,"minecraft:oak_log":34,"minecraft:wooden_hoe":1,"minecraft:apple":23,"minecraft:bread":62,"minecraft:iron_pickaxe":44,"minecraft:lectern":1,"minecraft:stone_axe":236,"minecraft:cobblestone":237,"travelersbackpack:standard":3,"minecraft:smithing_table":2,"minecraft:andesite":1,"minecraft:bucket":7,"minecraft:oak_boat":1}},"DataVersion":3120}