{"stats":{"minecraft:custom":{"minecraft:animals_bred":7,"minecraft:interact_with_crafting_table":82,"minecraft:bell_ring":40,"minecraft:leave_game":9,"minecraft:time_since_death":353192,"minecraft:sprint_one_cm":842351,"minecraft:damage_blocked_by_shield":7003,"minecraft:drop":266,"minecraft:talked_to_villager":65,"minecraft:play_time":670673,"minecraft:deaths":8,"minecraft:jump":5818,"minecraft:walk_on_water_one_cm":70919,"minecraft:enchant_item":9,"minecraft:interact_with_furnace":90,"minecraft:traded_with_villager":42,"minecraft:sleep_in_bed":47,"minecraft:damage_dealt":20755,"minecraft:crouch_one_cm":44954,"minecraft:horse_one_cm":4393,"minecraft:interact_with_smithing_table":1,"minecraft:mob_kills":61,"minecraft:interact_with_anvil":7,"minecraft:climb_one_cm":73827,"minecraft:walk_one_cm":2753076,"minecraft:sneak_time":12588,"minecraft:walk_under_water_one_cm":65322,"minecraft:boat_one_cm":490627,"minecraft:total_world_time":670673,"minecraft:interact_with_grindstone":3,"minecraft:time_since_rest":16842,"minecraft:damage_taken":6262,"minecraft:swim_one_cm":128571,"minecraft:fly_one_cm":811176,"minecraft:open_chest":561,"minecraft:fall_one_cm":112358},"minecraft:dropped":{"minecraft:iron_sword":2,"minecraft:oak_log":135,"minecraft:diamond":8,"minecraft:orange_tulip":2,"minecraft:fletching_table":1,"minecraft:dirt":74,"minecraft:birch_log":34,"minecraft:gravel":16,"minecraft:stone_axe":2,"minecraft:cobbled_deepslate":1007,"minecraft:wheat":6,"minecraft:obsidian":4,"minecraft:rotten_flesh":1,"justhammers:iron_hammer":1,"minecraft:carrot":24,"minecraft:arrow":4,"minecraft:bread":49,"justhammers:diamond_hammer":1,"minecraft:wheat_seeds":39,"minecraft:amethyst_block":1,"minecraft:apple":1,"minecraft:coal":3,"minecraft:stick":15,"minecraft:brewing_stand":1,"minecraft:iron_shovel":1,"minecraft:string":2,"minecraft:smooth_basalt":18,"minecraft:redstone":47,"minecraft:kelp":8,"minecraft:tuff":195,"minecraft:raw_iron":35,"minecraft:potato":40,"minecraft:peony":2,"minecraft:oak_boat":1,"minecraft:oak_sapling":50,"minecraft:spider_eye":2,"minecraft:calcite":18},"minecraft:crafted":{"travelersbackpack:ocelot":1,"minecraft:oak_planks":1636,"minecraft:birch_boat":1,"minecraft:bookshelf":4,"minecraft:cooked_mutton":18,"minecraft:glass":115,"minecraft:diamond_helmet":2,"minecraft:diamond_leggings":2,"minecraft:chest":14,"minecraft:stone_hoe":1,"minecraft:magenta_dye":2,"minecraft:oak_fence":96,"minecraft:gray_bed":1,"minecraft:oak_slab":168,"travelersbackpack:iron_tier_upgrade":1,"minecraft:arrow":16,"minecraft:emerald":34,"minecraft:wooden_pickaxe":2,"minecraft:baked_potato":15,"travelersbackpack:standard":2,"minecraft:copper_ingot":2,"minecraft:birch_planks":684,"minecraft:wooden_hoe":1,"minecraft:book":11,"minecraft:paper":63,"minecraft:charcoal":29,"minecraft:shield":9,"minecraft:stick":1984,"minecraft:iron_ingot":20,"minecraft:iron_pickaxe":2,"minecraft:gold_ingot":24,"minecraft:shears":2,"minecraft:cookie":18,"minecraft:spyglass":1,"minecraft:furnace":8,"travelersbackpack:blank_upgrade":4,"minecraft:pink_dye":1,"travelersbackpack:white_sleeping_bag":1,"minecraft:iron_axe":5,"minecraft:stone_pickaxe":1,"minecraft:diamond_boots":1,"minecraft:cooked_beef":8,"travelersbackpack:backpack_tank":4,"minecraft:iron_sword":3,"minecraft:bucket":1,"minecraft:orange_dye":1,"minecraft:bread":147,"minecraft:air":0,"travelersbackpack:squid":1,"minecraft:oak_fence_gate":4,"minecraft:oak_boat":1,"minecraft:white_bed":1,"minecraft:diamond_chestplate":2},"minecraft:picked_up":{"minecraft:wooden_axe":5,"minecraft:wheat":491,"minecraft:smithing_table":2,"minecraft:brewing_stand":3,"minecraft:amethyst_block":128,"minecraft:string":36,"minecraft:raw_copper":45,"minecraft:oak_sign":3,"minecraft:cobbled_deepslate":7310,"minecraft:spruce_planks":73,"minecraft:white_tulip":2,"minecraft:redstone_torch":6,"minecraft:calcite":64,"minecraft:furnace":1,"minecraft:stick":716,"minecraft:composter":1,"minecraft:oak_fence":50,"minecraft:torch":57,"minecraft:diorite":9,"minecraft:stone_sword":3,"minecraft:rotten_flesh":36,"minecraft:obsidian":11,"minecraft:cod":4,"minecraft:cobblestone":367,"minecraft:birch_log":205,"minecraft:magma_block":1,"minecraft:feather":25,"minecraft:lilac":4,"minecraft:andesite":1,"minecraft:potato":40,"minecraft:flint":7,"minecraft:tuff":894,"minecraft:dirt":798,"minecraft:lapis_lazuli":342,"minecraft:glass":340,"minecraft:bone":15,"minecraft:orange_tulip":4,"minecraft:wheat_seeds":2089,"minecraft:raw_gold":22,"minecraft:bell":2,"minecraft:fletching_table":4,"minecraft:oak_planks":645,"justhammers:iron_hammer":3,"minecraft:sand":142,"minecraft:ink_sac":6,"minecraft:grass_block":1,"minecraft:mossy_cobblestone":6,"travelersbackpack:white_sleeping_bag":1,"minecraft:diamond":53,"minecraft:spruce_boat":1,"minecraft:granite":43,"minecraft:bone_meal":2,"minecraft:bread":67,"minecraft:oak_sapling":707,"minecraft:netherrack":9,"minecraft:crafting_table":11,"minecraft:sandstone_slab":6,"minecraft:ladder":45,"minecraft:wooden_pickaxe":6,"minecraft:shield":3,"minecraft:oak_trapdoor":6,"minecraft:wooden_sword":1,"minecraft:iron_shovel":3,"minecraft:beef":4,"minecraft:oak_boat":3,"minecraft:iron_nugget":4,"minecraft:spruce_slab":3,"minecraft:light_gray_wool":4,"minecraft:lectern":1,"minecraft:sugar_cane":73,"minecraft:chest":23,"minecraft:birch_sapling":116,"minecraft:egg":5,"minecraft:raw_iron":55,"minecraft:oak_door":6,"minecraft:carrot":24,"minecraft:redstone":120,"minecraft:arrow":25,"minecraft:stone_shovel":1,"minecraft:peony":2,"minecraft:pink_tulip":3,"minecraft:mutton":10,"minecraft:white_wool":8,"minecraft:oxeye_daisy":3,"minecraft:stripped_oak_log":10,"minecraft:salmon":20,"minecraft:leather":18,"minecraft:birch_planks":192,"minecraft:oak_log":777,"minecraft:gunpowder":7,"minecraft:cobblestone_stairs":10,"minecraft:wooden_hoe":1,"man:cassette_1safetyinstructions":1,"minecraft:apple":24,"minecraft:kelp":8,"minecraft:oak_fence_gate":5,"minecraft:iron_ingot":200,"minecraft:stone_pickaxe":3,"minecraft:soul_sand":5,"minecraft:iron_sword":2,"minecraft:book":2,"minecraft:oak_slab":4,"minecraft:smooth_basalt":18,"minecraft:pumpkin":31,"minecraft:birch_boat":1,"minecraft:gravel":65,"minecraft:amethyst_shard":4,"justhammers:stone_hammer":1,"minecraft:spruce_sapling":16,"minecraft:white_bed":15,"minecraft:spruce_door":4,"justhammers:diamond_hammer":1,"minecraft:spider_eye":12,"minecraft:stone_axe":20,"minecraft:gray_wool":3,"minecraft:coal":3,"minecraft:ender_pearl":1},"minecraft:killed":{"minecraft:spider":3,"minecraft:cod":6,"minecraft:skeleton":4,"minecraft:salmon":22,"minecraft:sheep":7,"minecraft:zombie":6,"minecraft:cow":4,"minecraft:squid":3,"endofherobrine:sheep":3,"minecraft:enderman":1,"demonic_watcher:demonic_watcher":1},"minecraft:mined":{"minecraft:white_bed":10,"minecraft:oak_sapling":9,"minecraft:mossy_stone_brick_slab":1,"minecraft:cobblestone_stairs":1,"minecraft:sculk_vein":1,"minecraft:granite":2,"minecraft:budding_amethyst":9,"minecraft:grass_block":40,"minecraft:composter":1,"minecraft:oxeye_daisy":3,"minecraft:spawner":2,"minecraft:tall_seagrass":1,"minecraft:cobbled_deepslate":61,"minecraft:pumpkin":24,"minecraft:fletching_table":2,"minecraft:deepslate_lapis_ore":8,"minecraft:pink_tulip":3,"minecraft:spruce_slab":4,"minecraft:deepslate_redstone_ore":116,"minecraft:kelp_plant":6,"minecraft:soul_fire":5,"minecraft:amethyst_cluster":1,"minecraft:torch":12,"minecraft:calcite":3,"minecraft:chest":16,"minecraft:cobblestone":25,"minecraft:oak_planks":57,"minecraft:sugar_cane":36,"minecraft:wall_torch":24,"minecraft:amethyst_block":39,"minecraft:seagrass":1,"minecraft:birch_log":216,"minecraft:wheat":518,"minecraft:lilac":1,"minecraft:orange_tulip":2,"minecraft:grass":65,"minecraft:oak_log":430,"minecraft:oak_fence_gate":3,"minecraft:sand":120,"minecraft:dirt":132,"minecraft:smooth_basalt":1,"minecraft:netherrack":9,"minecraft:oak_leaves":15,"minecraft:deepslate":61,"minecraft:tuff":19,"minecraft:mossy_cobblestone":3,"minecraft:deepslate_diamond_ore":3,"minecraft:oak_door":1,"minecraft:ladder":3,"travelersbackpack:white_sleeping_bag":1,"minecraft:spruce_leaves":2,"minecraft:kelp":2,"minecraft:carrots":5,"minecraft:peony":3,"minecraft:bell":2,"minecraft:potatoes":7,"minecraft:deepslate_iron_ore":22,"minecraft:stripped_oak_log":10,"minecraft:stone":68,"minecraft:white_tulip":1,"minecraft:oak_slab":4,"minecraft:glass_pane":1,"minecraft:soul_sand":5,"minecraft:stone_brick_slab":1,"minecraft:spruce_door":3,"minecraft:oak_fence":7,"minecraft:crafting_table":9,"minecraft:lectern":1,"minecraft:tall_grass":23,"minecraft:copper_ore":1,"minecraft:deepslate_gold_ore":10,"minecraft:sculk":5,"minecraft:coal_ore":3,"minecraft:gravel":19},"minecraft:killed_by":{"minecraft:ghast":1,"man:managgresive":1,"minecraft:player":1,"goatman:goatman":3,"skinstalker:skinstalker":1},"minecraft:broken":{"minecraft:iron_shovel":1,"minecraft:stone_axe":1,"minecraft:iron_axe":2},"minecraft:used":{"minecraft:iron_shovel":261,"minecraft:spruce_slab":9,"minecraft:ladder":19,"minecraft:oak_sign":1,"minecraft:chest":21,"minecraft:shield":178,"minecraft:stone":2,"minecraft:iron_sword":374,"minecraft:bell":2,"minecraft:tuff":110,"minecraft:glass":43,"minecraft:furnace":9,"minecraft:oak_sapling":239,"minecraft:gray_bed":1,"minecraft:egg":4,"minecraft:spruce_door":4,"minecraft:stone_pickaxe":120,"minecraft:oak_planks":59,"minecraft:wooden_pickaxe":7,"minecraft:composter":1,"minecraft:sugar_cane":7,"minecraft:cookie":9,"minecraft:bread":94,"minecraft:lectern":1,"minecraft:smithing_table":2,"minecraft:andesite":1,"minecraft:oak_boat":1,"minecraft:oak_fence":91,"minecraft:spruce_planks":21,"minecraft:stone_hoe":48,"minecraft:netherrack":9,"minecraft:oak_door":3,"minecraft:torch":48,"minecraft:dirt":553,"minecraft:granite":4,"minecraft:oak_fence_gate":7,"minecraft:bookshelf":4,"minecraft:iron_axe":781,"travelersbackpack:squid":1,"minecraft:cobbled_deepslate":2785,"minecraft:wheat_seeds":552,"minecraft:water_bucket":9,"minecraft:cobblestone_stairs":15,"minecraft:birch_boat":2,"minecraft:fletching_table":2,"minecraft:oak_slab":143,"minecraft:crafting_table":9,"minecraft:white_bed":16,"minecraft:oak_log":34,"minecraft:wooden_hoe":1,"minecraft:apple":23,"minecraft:iron_pickaxe":357,"minecraft:stone_axe":236,"minecraft:cobblestone":237,"travelersbackpack:standard":3,"minecraft:bucket":10}},"DataVersion":3120}