{"stats":{"minecraft:dropped":{"minecraft:spruce_sapling":1},"minecraft:used":{"minecraft:wooden_axe":22,"minecraft:dirt":20,"minecraft:wooden_pickaxe":2},"minecraft:crafted":{"minecraft:spruce_planks":16,"minecraft:stick":4,"minecraft:wooden_pickaxe":1,"minecraft:wooden_axe":1},"minecraft:killed_by":{"goatman:goatman":1},"minecraft:custom":{"minecraft:time_since_rest":8530,"minecraft:crouch_one_cm":1230,"minecraft:play_time":15280,"minecraft:sprint_one_cm":11037,"minecraft:damage_taken":355,"minecraft:deaths":1,"minecraft:walk_one_cm":5960,"minecraft:sneak_time":490,"minecraft:drop":1,"minecraft:jump":76,"minecraft:leave_game":6,"minecraft:time_since_death":8497,"minecraft:total_world_time":15280,"minecraft:interact_with_crafting_table":15,"minecraft:fall_one_cm":1233,"minecraft:fly_one_cm":5163},"minecraft:mined":{"minecraft:grass_block":2,"minecraft:dirt":21,"minecraft:spruce_leaves":8,"minecraft:spruce_log":20,"minecraft:stone":1,"minecraft:crafting_table":1},"minecraft:picked_up":{"minecraft:crafting_table":1,"minecraft:stick":1,"minecraft:spruce_sapling":1,"minecraft:spruce_log":19,"minecraft:dirt":21}},"DataVersion":3120}