{"stats":{"minecraft:killed_by":{"endofherobrine:cow":2,"minecraft:player":2,"minecraft:spider":1,"goatman:goatman":1,"creation:creation":2,"mimicer:mimicer":1,"minecraft:zombie":1,"demonic_watcher:demonic_watcher":1,"skinstalker:skinstalker":1},"minecraft:killed":{"minecraft:spider":10,"minecraft:horse":1,"minecraft:skeleton":1,"minecraft:chicken":24,"minecraft:pig":2,"minecraft:creeper":2,"minecraft:sheep":10,"minecraft:zombie":4,"endofherobrine:chicken":1,"endofherobrine:cow":4,"minecraft:cow":18},"minecraft:crafted":{"minecraft:oak_door":3,"minecraft:oak_planks":3080,"travelersbackpack:iron":1,"minecraft:cobblestone_slab":54,"minecraft:stone_shovel":14,"minecraft:oak_sign":3,"minecraft:cooked_chicken":16,"minecraft:furnace":5,"minecraft:cobblestone_stairs":20,"minecraft:stone":8,"minecraft:bone_meal":24,"minecraft:diamond_shovel":1,"minecraft:bookshelf":2,"minecraft:oak_trapdoor":2,"minecraft:glass":107,"travelersbackpack:white_sleeping_bag":1,"minecraft:bow":1,"minecraft:iron_boots":1,"minecraft:ladder":6,"minecraft:stone_pickaxe":4,"justhammers:diamond_hammer":7,"minecraft:chest":4,"minecraft:spruce_boat":1,"minecraft:redstone_block":23,"minecraft:stone_hoe":1,"minecraft:oak_fence":18,"minecraft:cooked_beef":27,"minecraft:oak_slab":6,"minecraft:deepslate":1,"minecraft:emerald":177,"minecraft:arrow":128,"minecraft:cooked_porkchop":9,"minecraft:diamond_axe":1,"minecraft:crafting_table":3,"minecraft:spruce_planks":76,"minecraft:iron_helmet":1,"minecraft:wooden_pickaxe":1,"travelersbackpack:standard":1,"minecraft:iron_sword":1,"minecraft:spruce_door":3,"minecraft:smithing_table":1,"minecraft:sandstone_slab":6,"minecraft:gold_block":4,"minecraft:fletching_table":2,"minecraft:bucket":1,"minecraft:stone_axe":25,"minecraft:enchanted_book":1,"minecraft:bread":96,"minecraft:air":0,"minecraft:oak_fence_gate":4,"justhammers:iron_hammer":4,"minecraft:lectern":1,"minecraft:book":3,"minecraft:iron_chestplate":1,"minecraft:paper":9,"minecraft:charcoal":2,"minecraft:diamond_pickaxe":1,"minecraft:shield":1,"justhammers:stone_hammer":1,"minecraft:stick":6112,"minecraft:iron_ingot":86,"minecraft:iron_pickaxe":1,"minecraft:wooden_axe":1,"minecraft:iron_block":1,"minecraft:stone_sword":1,"minecraft:iron_shovel":3,"minecraft:gold_ingot":36,"minecraft:iron_leggings":1,"minecraft:torch":160,"minecraft:shears":1,"minecraft:lapis_lazuli":9,"minecraft:lapis_block":10},"minecraft:used":{"minecraft:oak_fence":12,"minecraft:oak_trapdoor":1,"minecraft:iron_shovel":7,"minecraft:stone_sword":122,"minecraft:stone_shovel":435,"minecraft:redstone":1,"minecraft:oak_sign":7,"minecraft:ladder":3,"minecraft:chest":4,"minecraft:spruce_planks":97,"minecraft:shield":115,"minecraft:stone":1,"minecraft:iron_sword":138,"minecraft:cooked_chicken":15,"minecraft:stone_hoe":63,"minecraft:oak_door":5,"minecraft:torch":181,"minecraft:dirt":878,"minecraft:mutton":4,"travelersbackpack:iron":5,"minecraft:tuff":31,"minecraft:oak_fence_gate":4,"minecraft:glass":99,"minecraft:wooden_axe":23,"minecraft:spruce_boat":1,"minecraft:bookshelf":1,"minecraft:bow":23,"minecraft:oak_sapling":76,"minecraft:furnace":10,"minecraft:egg":3,"minecraft:cooked_beef":27,"minecraft:cobbled_deepslate":686,"minecraft:wheat_seeds":42,"minecraft:water_bucket":5,"minecraft:diorite":8,"minecraft:oak_planks":95,"minecraft:cobblestone_stairs":3,"minecraft:sugar_cane":33,"minecraft:spruce_door":2,"minecraft:stone_pickaxe":565,"minecraft:wooden_pickaxe":13,"minecraft:diamond_axe":686,"minecraft:composter":13,"minecraft:cartography_table":2,"minecraft:fletching_table":2,"minecraft:sandstone":1,"minecraft:cobblestone_slab":54,"minecraft:sand":5,"minecraft:oak_slab":2,"justhammers:diamond_hammer":1428,"minecraft:crafting_table":17,"minecraft:white_bed":9,"justhammers:iron_hammer":257,"minecraft:oak_log":86,"minecraft:diamond_pickaxe":285,"minecraft:apple":21,"minecraft:iron_pickaxe":160,"minecraft:diamond_shovel":885,"minecraft:bread":2,"travelersbackpack:white_sleeping_bag":2,"minecraft:lectern":7,"minecraft:deepslate":1,"travelersbackpack:pumpkin":1,"minecraft:stone_axe":285,"justhammers:stone_hammer":60,"minecraft:cobblestone":515,"minecraft:andesite":83,"minecraft:grindstone":1,"minecraft:cooked_porkchop":7,"minecraft:smithing_table":3,"minecraft:bucket":9,"minecraft:sandstone_slab":1,"minecraft:bone_meal":24},"minecraft:mined":{"minecraft:tuff":8,"minecraft:spruce_planks":34,"minecraft:white_bed":8,"minecraft:oak_sapling":14,"minecraft:mossy_cobblestone":1,"minecraft:cobblestone_stairs":6,"minecraft:granite":18,"minecraft:grass_block":886,"travelersbackpack:white_sleeping_bag":1,"minecraft:spruce_leaves":8,"minecraft:composter":15,"minecraft:cartography_table":3,"minecraft:oxeye_daisy":1,"minecraft:oak_wall_sign":4,"minecraft:sandstone":6,"minecraft:furnace":8,"minecraft:iron_ore":11,"minecraft:cobbled_deepslate":25,"minecraft:andesite":61,"minecraft:deepslate_lapis_ore":1,"minecraft:peony":1,"minecraft:bookshelf":1,"minecraft:stone":630,"minecraft:smithing_table":3,"minecraft:sandstone_slab":1,"minecraft:oak_slab":1,"minecraft:dandelion":1,"minecraft:spruce_door":2,"minecraft:oak_fence":6,"minecraft:crafting_table":14,"minecraft:torch":12,"minecraft:lectern":6,"minecraft:copper_ore":1,"minecraft:tall_grass":23,"minecraft:glass":6,"minecraft:cobblestone":101,"minecraft:lapis_ore":5,"minecraft:grindstone":1,"minecraft:oak_planks":21,"minecraft:sugar_cane":25,"minecraft:diorite":51,"minecraft:wall_torch":22,"minecraft:wheat":29,"minecraft:spruce_log":20,"minecraft:grass":153,"minecraft:coal_ore":10,"minecraft:oak_log":684,"minecraft:oak_fence_gate":2,"minecraft:gravel":82,"minecraft:sand":107,"minecraft:dirt":273,"minecraft:cobweb":1,"minecraft:oak_leaves":22,"minecraft:deepslate":87},"minecraft:picked_up":{"minecraft:crafting_table":13,"minecraft:wheat":26,"minecraft:sandstone_slab":1,"minecraft:chicken":24,"minecraft:smithing_table":3,"minecraft:string":5,"minecraft:raw_copper":20,"minecraft:iron_shovel":1,"minecraft:oak_sign":7,"minecraft:cartography_table":3,"minecraft:cobbled_deepslate":6250,"minecraft:spruce_planks":59,"minecraft:beef":32,"minecraft:iron_pickaxe":1,"minecraft:lectern":6,"minecraft:sugar_cane":53,"minecraft:furnace":8,"minecraft:egg":6,"minecraft:raw_iron":60,"minecraft:stick":97,"minecraft:sandstone":6,"minecraft:oak_door":2,"minecraft:composter":15,"minecraft:oak_fence":6,"minecraft:torch":45,"minecraft:porkchop":4,"minecraft:diorite":60,"minecraft:redstone":278,"minecraft:arrow":4,"minecraft:rotten_flesh":13,"minecraft:gold_ingot":1,"minecraft:mutton":13,"minecraft:white_wool":8,"minecraft:cobblestone":827,"minecraft:stripped_oak_log":1,"minecraft:feather":37,"minecraft:andesite":94,"minecraft:leather":20,"minecraft:flint":4,"minecraft:tuff":457,"minecraft:oak_log":660,"minecraft:gunpowder":2,"minecraft:cobblestone_stairs":6,"minecraft:lapis_lazuli":126,"minecraft:dirt":1115,"minecraft:bone":3,"minecraft:apple":37,"minecraft:wheat_seeds":110,"minecraft:raw_gold":39,"minecraft:grindstone":1,"minecraft:oak_fence_gate":2,"minecraft:oak_planks":20,"minecraft:book":3,"minecraft:dandelion":1,"minecraft:gravel":54,"justhammers:iron_hammer":1,"minecraft:sand":97,"minecraft:spruce_sapling":1,"minecraft:white_bed":9,"minecraft:spruce_log":19,"minecraft:spruce_door":2,"travelersbackpack:white_sleeping_bag":1,"minecraft:diamond":58,"minecraft:stone_axe":12,"minecraft:granite":15,"travelersbackpack:pumpkin":1,"minecraft:gray_wool":1,"minecraft:oak_sapling":121,"minecraft:coal":96},"minecraft:dropped":{"minecraft:stone_hoe":1,"minecraft:lapis_lazuli":3,"minecraft:wheat_seeds":145,"minecraft:oak_log":2,"minecraft:diamond":16,"minecraft:feather":25,"minecraft:cobblestone":13,"minecraft:dirt":635,"minecraft:gray_wool":1,"minecraft:diorite":3,"minecraft:torch":1,"minecraft:iron_pickaxe":2,"minecraft:iron_shovel":1,"minecraft:white_wool":2,"minecraft:spruce_sapling":1,"minecraft:dandelion":1,"minecraft:redstone":1,"minecraft:gravel":47,"minecraft:stone_axe":25,"minecraft:sugar_cane":6,"minecraft:cooked_chicken":1,"minecraft:golden_chestplate":1,"minecraft:stone_sword":1,"minecraft:cobbled_deepslate":3572,"minecraft:raw_copper":5,"minecraft:tuff":414,"minecraft:stone_shovel":10,"minecraft:raw_iron":10,"minecraft:rotten_flesh":1,"minecraft:oak_planks":60,"minecraft:stripped_oak_log":1,"justhammers:iron_hammer":2,"minecraft:spruce_planks":3,"minecraft:andesite":11,"minecraft:oak_sapling":35,"minecraft:stone_pickaxe":2,"minecraft:arrow":2,"minecraft:egg":2},"minecraft:broken":{"minecraft:stone_pickaxe":3,"minecraft:stone_axe":1,"minecraft:stone_shovel":3},"minecraft:custom":{"minecraft:interact_with_smithing_table":2,"minecraft:mob_kills":77,"minecraft:interact_with_crafting_table":109,"minecraft:leave_game":53,"minecraft:time_since_death":2464,"minecraft:climb_one_cm":120078,"minecraft:sprint_one_cm":1500954,"minecraft:damage_blocked_by_shield":518,"minecraft:walk_one_cm":957825,"minecraft:drop":213,"minecraft:talked_to_villager":83,"minecraft:play_time":632113,"minecraft:deaths":15,"minecraft:sneak_time":17207,"minecraft:walk_under_water_one_cm":20862,"minecraft:boat_one_cm":31014,"minecraft:jump":5402,"minecraft:enchant_item":4,"minecraft:walk_on_water_one_cm":78010,"minecraft:total_world_time":632113,"minecraft:interact_with_furnace":159,"minecraft:traded_with_villager":239,"minecraft:interact_with_grindstone":2,"minecraft:sleep_in_bed":25,"minecraft:time_since_rest":2507,"minecraft:damage_taken":6308,"minecraft:damage_dealt":12327,"minecraft:player_kills":4,"minecraft:swim_one_cm":159311,"minecraft:fly_one_cm":1235200,"minecraft:open_chest":123,"minecraft:crouch_one_cm":54564,"minecraft:fall_one_cm":105342}},"DataVersion":3120}