{"stats":{"minecraft:mined":{"minecraft:sandstone_slab":1,"minecraft:furnace":1,"minecraft:spruce_log":20,"minecraft:crafting_table":3,"minecraft:grass":7,"minecraft:grass_block":3,"minecraft:oak_log":27,"minecraft:sand":24,"minecraft:dirt":21,"minecraft:tall_grass":6,"minecraft:copper_ore":1,"minecraft:spruce_leaves":8,"minecraft:stone":20,"minecraft:sugar_cane":1,"minecraft:sandstone":6,"minecraft:diorite":8},"minecraft:crafted":{"minecraft:crafting_table":1,"minecraft:spruce_planks":28,"minecraft:stick":8,"minecraft:wooden_pickaxe":1,"minecraft:cooked_chicken":3,"minecraft:stone_pickaxe":1,"minecraft:wooden_axe":1,"minecraft:stone_sword":1,"minecraft:furnace":1,"minecraft:spruce_boat":1,"minecraft:sandstone_slab":6,"minecraft:stone_axe":1,"minecraft:air":0},"minecraft:used":{"minecraft:wooden_axe":23,"minecraft:spruce_boat":1,"minecraft:stone_sword":10,"minecraft:stone_pickaxe":25,"minecraft:sandstone":1,"minecraft:wooden_pickaxe":13,"minecraft:cooked_chicken":2,"minecraft:stone_axe":51,"minecraft:sand":5,"minecraft:dirt":22,"minecraft:mutton":1,"minecraft:crafting_table":2,"minecraft:furnace":1,"minecraft:sandstone_slab":1,"minecraft:diorite":8},"minecraft:killed_by":{"goatman:goatman":1,"creation:creation":1},"minecraft:custom":{"minecraft:time_since_rest":5714,"minecraft:sprint_one_cm":67494,"minecraft:interact_with_furnace":3,"minecraft:damage_taken":833,"minecraft:walk_one_cm":41633,"minecraft:mob_kills":7,"minecraft:drop":1,"minecraft:damage_dealt":601,"minecraft:swim_one_cm":21442,"minecraft:interact_with_crafting_table":21,"minecraft:fly_one_cm":90910,"minecraft:crouch_one_cm":4622,"minecraft:play_time":53425,"minecraft:deaths":3,"minecraft:sneak_time":2062,"minecraft:walk_under_water_one_cm":6547,"minecraft:boat_one_cm":31014,"minecraft:jump":457,"minecraft:leave_game":32,"minecraft:time_since_death":4403,"minecraft:walk_on_water_one_cm":17140,"minecraft:total_world_time":53425,"minecraft:fall_one_cm":8291},"minecraft:picked_up":{"minecraft:crafting_table":3,"minecraft:stick":3,"minecraft:sandstone":6,"minecraft:sandstone_slab":1,"minecraft:feather":7,"minecraft:chicken":6,"minecraft:sand":17,"minecraft:oak_log":16,"minecraft:spruce_sapling":1,"minecraft:diorite":8,"minecraft:spruce_log":19,"minecraft:dirt":22,"minecraft:raw_copper":3,"minecraft:gray_wool":1,"minecraft:oak_sapling":3,"minecraft:sugar_cane":3,"minecraft:mutton":1,"minecraft:cobblestone":19,"minecraft:furnace":1},"minecraft:killed":{"minecraft:sheep":1,"minecraft:chicken":6},"minecraft:dropped":{"minecraft:spruce_sapling":1}},"DataVersion":3120}