{"stats":{"minecraft:broken":{"minecraft:stone_pickaxe":3,"minecraft:stone_axe":1,"minecraft:stone_shovel":3},"minecraft:used":{"minecraft:oak_fence":12,"minecraft:oak_trapdoor":1,"minecraft:stone_sword":122,"minecraft:stone_shovel":435,"minecraft:ladder":3,"minecraft:oak_sign":7,"minecraft:chest":4,"minecraft:spruce_planks":97,"minecraft:shield":115,"minecraft:stone":1,"minecraft:iron_sword":57,"minecraft:cooked_chicken":3,"minecraft:stone_hoe":16,"minecraft:oak_door":5,"minecraft:torch":100,"minecraft:dirt":775,"minecraft:mutton":4,"travelersbackpack:iron":2,"minecraft:oak_fence_gate":4,"minecraft:glass":99,"minecraft:wooden_axe":23,"minecraft:spruce_boat":1,"minecraft:oak_sapling":37,"minecraft:furnace":5,"minecraft:egg":3,"minecraft:cooked_beef":27,"minecraft:cobbled_deepslate":44,"minecraft:wheat_seeds":42,"minecraft:diorite":8,"minecraft:spruce_door":2,"minecraft:stone_pickaxe":565,"minecraft:oak_planks":84,"minecraft:wooden_pickaxe":13,"minecraft:sandstone":1,"minecraft:sugar_cane":8,"minecraft:cobblestone_slab":54,"minecraft:sand":5,"minecraft:crafting_table":8,"minecraft:white_bed":7,"justhammers:iron_hammer":17,"minecraft:oak_log":83,"minecraft:apple":8,"minecraft:iron_pickaxe":68,"travelersbackpack:pumpkin":1,"justhammers:stone_hammer":60,"minecraft:stone_axe":285,"minecraft:cobblestone":473,"minecraft:andesite":83,"minecraft:sandstone_slab":1,"minecraft:bone_meal":24},"minecraft:killed":{"minecraft:spider":3,"minecraft:skeleton":1,"minecraft:horse":1,"minecraft:chicken":9,"minecraft:pig":2,"minecraft:creeper":2,"minecraft:sheep":8,"minecraft:zombie":3,"endofherobrine:cow":4,"minecraft:cow":10},"minecraft:custom":{"minecraft:mob_kills":43,"minecraft:interact_with_crafting_table":62,"minecraft:leave_game":42,"minecraft:time_since_death":157060,"minecraft:climb_one_cm":37757,"minecraft:sprint_one_cm":727002,"minecraft:walk_one_cm":504170,"minecraft:damage_blocked_by_shield":518,"minecraft:drop":56,"minecraft:play_time":341039,"minecraft:deaths":11,"minecraft:sneak_time":10371,"minecraft:walk_under_water_one_cm":19610,"minecraft:boat_one_cm":31014,"minecraft:jump":3338,"minecraft:walk_on_water_one_cm":45601,"minecraft:total_world_time":341039,"minecraft:interact_with_furnace":76,"minecraft:sleep_in_bed":9,"minecraft:time_since_rest":29245,"minecraft:damage_taken":4694,"minecraft:damage_dealt":9298,"minecraft:swim_one_cm":125113,"minecraft:fly_one_cm":637350,"minecraft:player_kills":3,"minecraft:open_chest":76,"minecraft:crouch_one_cm":33867,"minecraft:fall_one_cm":67877},"minecraft:killed_by":{"endofherobrine:cow":2,"minecraft:player":2,"minecraft:spider":1,"goatman:goatman":1,"creation:creation":2,"minecraft:zombie":1,"skinstalker:skinstalker":1},"minecraft:dropped":{"minecraft:wheat_seeds":2,"minecraft:feather":10,"minecraft:cobblestone":13,"minecraft:dirt":22,"minecraft:gray_wool":1,"minecraft:diorite":3,"minecraft:spruce_sapling":1,"minecraft:dandelion":1,"minecraft:stone_axe":1,"minecraft:cooked_chicken":1,"minecraft:cobbled_deepslate":114,"minecraft:stone_sword":1,"minecraft:raw_copper":5,"minecraft:raw_iron":8,"minecraft:rotten_flesh":1,"minecraft:oak_planks":12,"minecraft:spruce_planks":2,"minecraft:andesite":7,"minecraft:oak_sapling":17,"minecraft:arrow":2,"minecraft:stone_pickaxe":2},"minecraft:picked_up":{"minecraft:crafting_table":7,"minecraft:wheat":26,"minecraft:sandstone_slab":1,"minecraft:chicken":8,"minecraft:string":5,"minecraft:raw_copper":20,"minecraft:oak_sign":7,"minecraft:cobbled_deepslate":482,"minecraft:spruce_planks":36,"minecraft:beef":20,"minecraft:sugar_cane":28,"minecraft:furnace":3,"minecraft:egg":3,"minecraft:stick":7,"minecraft:raw_iron":11,"minecraft:sandstone":6,"minecraft:oak_door":2,"minecraft:oak_fence":6,"minecraft:torch":26,"minecraft:porkchop":4,"minecraft:diorite":14,"minecraft:arrow":4,"minecraft:rotten_flesh":7,"minecraft:mutton":10,"minecraft:white_wool":6,"minecraft:cobblestone":633,"minecraft:feather":17,"minecraft:andesite":92,"minecraft:leather":11,"minecraft:tuff":2,"minecraft:oak_log":122,"minecraft:gunpowder":2,"minecraft:dirt":380,"minecraft:bone":2,"minecraft:apple":8,"minecraft:wheat_seeds":82,"minecraft:oak_fence_gate":2,"minecraft:oak_planks":15,"minecraft:dandelion":1,"minecraft:gravel":7,"minecraft:sand":97,"minecraft:spruce_sapling":1,"minecraft:white_bed":7,"minecraft:spruce_log":19,"minecraft:spruce_door":2,"minecraft:diamond":7,"minecraft:granite":15,"travelersbackpack:pumpkin":1,"minecraft:gray_wool":1,"minecraft:oak_sapling":48,"minecraft:coal":49},"minecraft:mined":{"minecraft:spruce_planks":34,"minecraft:white_bed":7,"minecraft:granite":15,"minecraft:grass_block":223,"minecraft:spruce_leaves":8,"minecraft:oak_wall_sign":4,"minecraft:oxeye_daisy":1,"minecraft:sandstone":6,"minecraft:furnace":3,"minecraft:iron_ore":11,"minecraft:cobbled_deepslate":4,"minecraft:andesite":60,"minecraft:stone":411,"minecraft:sandstone_slab":1,"minecraft:spruce_door":2,"minecraft:dandelion":1,"minecraft:oak_fence":6,"minecraft:crafting_table":7,"minecraft:torch":9,"minecraft:glass":6,"minecraft:tall_grass":16,"minecraft:copper_ore":1,"minecraft:cobblestone":96,"minecraft:sugar_cane":12,"minecraft:oak_planks":16,"minecraft:diorite":9,"minecraft:wall_torch":16,"minecraft:wheat":29,"minecraft:spruce_log":20,"minecraft:grass":79,"minecraft:oak_log":138,"minecraft:coal_ore":1,"minecraft:oak_fence_gate":2,"minecraft:gravel":7,"minecraft:sand":107,"minecraft:dirt":166,"minecraft:cobweb":1,"minecraft:oak_leaves":11,"minecraft:deepslate":17},"minecraft:crafted":{"minecraft:oak_door":3,"minecraft:oak_planks":204,"minecraft:cobblestone_slab":54,"travelersbackpack:iron":1,"minecraft:stone_shovel":4,"minecraft:oak_sign":3,"minecraft:cooked_chicken":9,"minecraft:furnace":2,"minecraft:cobblestone_stairs":20,"minecraft:stone":5,"minecraft:bone_meal":24,"minecraft:oak_trapdoor":2,"minecraft:glass":107,"travelersbackpack:white_sleeping_bag":1,"minecraft:ladder":6,"minecraft:stone_pickaxe":4,"minecraft:chest":4,"minecraft:spruce_boat":1,"minecraft:stone_hoe":1,"minecraft:oak_fence":18,"minecraft:cooked_beef":27,"minecraft:cooked_porkchop":4,"minecraft:crafting_table":2,"minecraft:spruce_planks":76,"minecraft:wooden_pickaxe":1,"travelersbackpack:standard":1,"minecraft:iron_sword":1,"minecraft:spruce_door":3,"minecraft:sandstone_slab":6,"minecraft:stone_axe":3,"minecraft:air":0,"minecraft:oak_fence_gate":4,"justhammers:iron_hammer":2,"minecraft:charcoal":2,"justhammers:stone_hammer":1,"minecraft:shield":1,"minecraft:stick":128,"minecraft:iron_pickaxe":1,"minecraft:iron_ingot":31,"minecraft:wooden_axe":1,"minecraft:stone_sword":1,"minecraft:torch":92,"minecraft:shears":1}},"DataVersion":3120}