{"stats":{"minecraft:mined":{"minecraft:spruce_planks":3,"minecraft:white_bed":1,"minecraft:deepslate_diamond_ore":8,"minecraft:granite":36,"minecraft:grass_block":5,"minecraft:jungle_planks":8,"minecraft:jungle_log":1,"minecraft:spruce_leaves":48,"minecraft:sandstone":32,"minecraft:large_fern":22,"minecraft:furnace":7,"minecraft:iron_ore":2,"minecraft:andesite":27,"minecraft:deepslate_iron_ore":2,"minecraft:stone":118,"minecraft:spruce_slab":1,"minecraft:jungle_trapdoor":1,"minecraft:oak_slab":4,"minecraft:crafting_table":11,"minecraft:jungle_stairs":3,"minecraft:short_grass":26,"minecraft:campfire":1,"minecraft:cobblestone":20,"minecraft:blue_bed":5,"minecraft:wall_torch":2,"minecraft:spruce_stairs":1,"minecraft:birch_log":3,"minecraft:sweet_berry_bush":3,"minecraft:spruce_log":72,"minecraft:coal_ore":171,"minecraft:dirt":3,"minecraft:dripstone_block":2,"minecraft:sand":11,"minecraft:oak_leaves":1,"minecraft:deepslate":42,"minecraft:fern":2},"minecraft:custom":{"minecraft:mob_kills":86,"minecraft:interact_with_crafting_table":21,"minecraft:leave_game":6,"minecraft:time_since_death":14432,"minecraft:sprint_one_cm":381466,"minecraft:walk_one_cm":469495,"minecraft:damage_blocked_by_shield":2221,"minecraft:drop":17,"minecraft:play_time":219545,"minecraft:sneak_time":7125,"minecraft:deaths":2,"minecraft:walk_under_water_one_cm":8332,"minecraft:jump":2277,"minecraft:walk_on_water_one_cm":18614,"minecraft:total_world_time":219545,"minecraft:interact_with_furnace":24,"minecraft:sleep_in_bed":3,"minecraft:time_since_rest":14461,"minecraft:damage_taken":1964,"minecraft:damage_dealt":12550,"minecraft:swim_one_cm":18340,"minecraft:fly_one_cm":698660,"minecraft:open_chest":8,"minecraft:crouch_one_cm":20018,"minecraft:fall_one_cm":44880},"minecraft:broken":{"minecraft:stone_sword":1,"minecraft:iron_pickaxe":1},"minecraft:killed":{"minecraft:spider":8,"minecraft:skeleton":8,"minecraft:chicken":12,"minecraft:drowned":1,"minecraft:pig":14,"minecraft:zombie_villager":3,"minecraft:iron_golem":1,"minecraft:creeper":2,"minecraft:sheep":6,"minecraft:zombie":21,"minecraft:cow":9},"minecraft:killed_by":{"minecraft:player":1,"minecraft:skeleton":1},"minecraft:crafted":{"minecraft:iron_nugget":45,"minecraft:furnace":2,"minecraft:iron_axe":1,"minecraft:stone_pickaxe":1,"minecraft:cooked_beef":6,"minecraft:cooked_porkchop":9,"minecraft:crafting_table":3,"minecraft:spruce_planks":32,"minecraft:birch_planks":12,"minecraft:stone_axe":1,"minecraft:air":0,"minecraft:jungle_planks":12,"minecraft:shield":2,"minecraft:stick":16,"minecraft:iron_ingot":14,"minecraft:iron_pickaxe":2,"minecraft:wooden_axe":1,"minecraft:stone_sword":1,"minecraft:iron_shovel":1,"minecraft:white_bed":1,"minecraft:torch":8},"minecraft:used":{"minecraft:stone_sword":130,"minecraft:iron_shovel":11,"minecraft:shield":119,"minecraft:torch":7,"minecraft:dirt":7,"minecraft:granite":25,"minecraft:wooden_axe":11,"minecraft:iron_axe":147,"minecraft:sweet_berries":12,"minecraft:furnace":7,"minecraft:egg":8,"minecraft:cooked_beef":10,"minecraft:cobbled_deepslate":7,"minecraft:stone_pickaxe":128,"minecraft:wooden_pickaxe":5,"minecraft:blue_bed":4,"minecraft:crafting_table":11,"minecraft:white_bed":1,"minecraft:spruce_log":10,"minecraft:bread":5,"minecraft:iron_pickaxe":347,"minecraft:stone_axe":70,"minecraft:cobblestone":36,"minecraft:cooked_porkchop":6,"minecraft:andesite":8},"minecraft:picked_up":{"minecraft:charcoal":2,"minecraft:crafting_table":13,"minecraft:chicken":12,"minecraft:wooden_pickaxe":2,"minecraft:shield":1,"minecraft:jungle_trapdoor":6,"minecraft:string":7,"minecraft:cobbled_deepslate":42,"minecraft:spruce_planks":10,"minecraft:beef":32,"minecraft:iron_nugget":4,"minecraft:iron_pickaxe":1,"minecraft:spruce_slab":2,"minecraft:furnace":8,"minecraft:egg":8,"minecraft:raw_iron":10,"minecraft:stick":12,"minecraft:sandstone":47,"minecraft:torch":2,"minecraft:spruce_stairs":2,"minecraft:porkchop":40,"minecraft:carrot":1,"minecraft:arrow":9,"minecraft:rotten_flesh":28,"minecraft:jungle_stairs":12,"minecraft:mutton":23,"minecraft:white_wool":9,"minecraft:cobblestone":144,"minecraft:birch_log":3,"minecraft:feather":15,"minecraft:cooked_beef":4,"minecraft:glow_ink_sac":2,"minecraft:andesite":41,"minecraft:jungle_log":6,"minecraft:leather":22,"minecraft:potato":5,"minecraft:birch_planks":2,"minecraft:gunpowder":5,"minecraft:lapis_lazuli":7,"minecraft:dirt":29,"minecraft:blue_bed":5,"minecraft:coast_armor_trim_smithing_template":2,"minecraft:bone":12,"minecraft:wheat_seeds":11,"minecraft:iron_ingot":12,"minecraft:stone_pickaxe":1,"minecraft:moss_block":2,"minecraft:oak_slab":8,"minecraft:cooked_porkchop":7,"minecraft:sweet_berries":12,"minecraft:dripstone_block":2,"minecraft:sand":11,"minecraft:jungle_planks":15,"minecraft:spruce_sapling":11,"minecraft:white_bed":2,"minecraft:spruce_log":70,"minecraft:spider_eye":1,"minecraft:diamond":8,"minecraft:stone_axe":1,"minecraft:granite":55,"minecraft:bread":5,"minecraft:emerald":8,"minecraft:coal":353},"minecraft:dropped":{"minecraft:moss_block":1,"minecraft:wheat_seeds":8,"minecraft:leather":6,"minecraft:spruce_sapling":11,"minecraft:bone":1,"minecraft:rotten_flesh":22,"minecraft:jungle_trapdoor":3,"minecraft:gunpowder":4,"minecraft:andesite":14,"minecraft:spider_eye":1,"minecraft:arrow":1,"minecraft:wooden_pickaxe":1}},"DataVersion":3953}