{"stats":{"minecraft:mined":{"minecraft:tuff":43,"minecraft:spruce_planks":3,"minecraft:white_bed":1,"minecraft:deepslate_diamond_ore":13,"minecraft:granite":44,"minecraft:dark_oak_fence":6,"minecraft:grass_block":518,"minecraft:yellow_carpet":3,"minecraft:jungle_planks":8,"minecraft:jungle_log":1,"minecraft:spruce_leaves":48,"minecraft:oxeye_daisy":1,"minecraft:sandstone":32,"minecraft:large_fern":22,"minecraft:hay_block":66,"minecraft:tall_seagrass":1,"minecraft:raw_iron_block":1,"minecraft:furnace":11,"minecraft:iron_ore":64,"minecraft:cobbled_deepslate":19,"minecraft:andesite":29,"minecraft:deepslate_lapis_ore":16,"minecraft:anvil":1,"minecraft:azure_bluet":1,"minecraft:deepslate_iron_ore":73,"minecraft:stone":304,"minecraft:spruce_slab":1,"minecraft:jungle_trapdoor":1,"minecraft:oak_slab":4,"minecraft:smoker":1,"minecraft:dandelion":6,"minecraft:crafting_table":16,"minecraft:torch":2,"minecraft:jungle_stairs":3,"minecraft:short_grass":167,"minecraft:poppy":2,"minecraft:campfire":1,"minecraft:tall_grass":114,"minecraft:cobblestone":48,"minecraft:lapis_ore":4,"minecraft:oak_planks":141,"minecraft:diorite":7,"minecraft:blue_bed":5,"minecraft:wall_torch":3,"minecraft:spruce_stairs":1,"minecraft:birch_log":80,"minecraft:sweet_berry_bush":3,"minecraft:spruce_log":75,"minecraft:birch_leaves":3,"minecraft:oak_log":145,"minecraft:coal_ore":171,"minecraft:dripstone_block":2,"minecraft:gravel":1,"minecraft:sand":23,"minecraft:dirt":253,"minecraft:smooth_basalt":3,"minecraft:oak_leaves":46,"minecraft:deepslate":128,"minecraft:fern":2},"minecraft:custom":{"minecraft:interact_with_anvil":2,"minecraft:mob_kills":148,"minecraft:interact_with_crafting_table":36,"minecraft:leave_game":8,"minecraft:time_since_death":355125,"minecraft:sprint_one_cm":800334,"minecraft:walk_one_cm":962674,"minecraft:damage_blocked_by_shield":3821,"minecraft:drop":38,"minecraft:play_time":560238,"minecraft:sneak_time":18910,"minecraft:deaths":2,"minecraft:walk_under_water_one_cm":58866,"minecraft:jump":5257,"minecraft:walk_on_water_one_cm":51895,"minecraft:total_world_time":560238,"minecraft:interact_with_furnace":77,"minecraft:sleep_in_bed":9,"minecraft:time_since_rest":2989,"minecraft:damage_taken":3145,"minecraft:damage_dealt":25033,"minecraft:swim_one_cm":71025,"minecraft:fly_one_cm":1810717,"minecraft:open_chest":54,"minecraft:crouch_one_cm":50528,"minecraft:fall_one_cm":96441},"minecraft:broken":{"minecraft:stone_sword":1,"minecraft:stone_pickaxe":1,"minecraft:iron_axe":1,"minecraft:stone_axe":1,"minecraft:iron_pickaxe":2},"minecraft:killed":{"minecraft:witch":1,"minecraft:spider":11,"minecraft:skeleton":15,"minecraft:chicken":12,"minecraft:drowned":1,"minecraft:pig":14,"minecraft:zombie_villager":3,"minecraft:iron_golem":2,"minecraft:creeper":4,"minecraft:sheep":7,"minecraft:pillager":25,"minecraft:zombie":36,"minecraft:cow":16},"minecraft:killed_by":{"minecraft:player":1,"minecraft:skeleton":1},"minecraft:used":{"minecraft:stone_sword":130,"minecraft:iron_shovel":11,"minecraft:chest":2,"minecraft:shield":172,"minecraft:iron_sword":256,"minecraft:torch":42,"minecraft:dirt":273,"minecraft:anvil":1,"minecraft:yellow_carpet":3,"minecraft:tuff":3,"minecraft:granite":25,"minecraft:wooden_axe":11,"minecraft:iron_axe":582,"minecraft:bow":1,"minecraft:sweet_berries":12,"minecraft:furnace":12,"minecraft:egg":8,"minecraft:cooked_beef":17,"minecraft:cobbled_deepslate":50,"minecraft:cooked_mutton":8,"minecraft:water_bucket":17,"minecraft:oak_planks":106,"minecraft:stone_pickaxe":131,"minecraft:baked_potato":1,"minecraft:wooden_pickaxe":5,"minecraft:blue_bed":4,"minecraft:sand":12,"minecraft:crafting_table":17,"minecraft:white_bed":2,"minecraft:spruce_log":10,"minecraft:oak_log":100,"minecraft:wooden_hoe":48,"minecraft:diamond_pickaxe":341,"minecraft:apple":2,"minecraft:diamond_shovel":793,"minecraft:string":1,"minecraft:iron_pickaxe":551,"minecraft:bread":13,"minecraft:stone_axe":80,"minecraft:cobblestone":115,"minecraft:cooked_porkchop":9,"minecraft:birch_log":70,"minecraft:andesite":8,"minecraft:bucket":18},"minecraft:crafted":{"minecraft:raw_iron":9,"minecraft:oak_planks":104,"minecraft:iron_nugget":45,"minecraft:furnace":3,"minecraft:diamond_shovel":2,"minecraft:cooked_mutton":9,"minecraft:iron_boots":1,"minecraft:iron_axe":3,"minecraft:stone_pickaxe":1,"minecraft:chest":2,"minecraft:wheat":594,"minecraft:cooked_beef":13,"minecraft:cooked_porkchop":10,"minecraft:crafting_table":3,"minecraft:spruce_planks":32,"minecraft:iron_helmet":1,"minecraft:iron_sword":1,"minecraft:birch_planks":12,"minecraft:bucket":1,"minecraft:stone_axe":1,"minecraft:bread":198,"minecraft:air":0,"minecraft:jungle_planks":12,"minecraft:wooden_hoe":1,"minecraft:iron_chestplate":1,"minecraft:diamond_pickaxe":1,"minecraft:shield":2,"minecraft:stick":36,"minecraft:iron_ingot":141,"minecraft:iron_pickaxe":2,"minecraft:wooden_axe":1,"minecraft:stone_sword":1,"minecraft:iron_block":3,"minecraft:iron_shovel":1,"minecraft:iron_leggings":1,"minecraft:anvil":1,"minecraft:white_bed":1,"minecraft:torch":40},"minecraft:picked_up":{"minecraft:charcoal":2,"minecraft:crafting_table":19,"minecraft:azure_bluet":2,"minecraft:chicken":12,"minecraft:anvil":1,"minecraft:wooden_pickaxe":2,"minecraft:potion":1,"minecraft:shield":1,"minecraft:cornflower":3,"minecraft:jungle_trapdoor":6,"minecraft:string":10,"minecraft:gold_nugget":7,"minecraft:cobbled_deepslate":130,"minecraft:spruce_planks":10,"minecraft:beef":45,"minecraft:iron_nugget":4,"minecraft:poppy":3,"minecraft:iron_pickaxe":1,"minecraft:spruce_slab":2,"minecraft:birch_sapling":1,"minecraft:furnace":12,"minecraft:egg":8,"minecraft:stick":35,"minecraft:raw_iron":163,"minecraft:sandstone":47,"minecraft:torch":5,"minecraft:spruce_stairs":2,"minecraft:porkchop":40,"minecraft:diorite":8,"minecraft:carrot":1,"minecraft:redstone":6,"minecraft:arrow":14,"minecraft:rotten_flesh":37,"minecraft:jungle_stairs":12,"minecraft:hay_block":66,"minecraft:mutton":24,"minecraft:oxeye_daisy":1,"minecraft:white_wool":10,"minecraft:cobblestone":350,"minecraft:birch_log":80,"minecraft:feather":15,"minecraft:cooked_beef":4,"minecraft:glow_ink_sac":2,"minecraft:andesite":42,"minecraft:jungle_log":6,"minecraft:leather":35,"minecraft:smoker":1,"minecraft:potato":5,"minecraft:filled_map":1,"minecraft:birch_planks":2,"minecraft:tuff":46,"minecraft:oak_log":256,"minecraft:gunpowder":7,"minecraft:wooden_hoe":1,"minecraft:lapis_lazuli":214,"minecraft:dirt":824,"minecraft:blue_bed":5,"minecraft:coast_armor_trim_smithing_template":2,"minecraft:bone":22,"minecraft:apple":2,"minecraft:bow":2,"minecraft:wheat_seeds":68,"minecraft:iron_ingot":12,"minecraft:stone_pickaxe":1,"minecraft:moss_block":2,"minecraft:oak_planks":141,"minecraft:oak_slab":8,"minecraft:smooth_basalt":3,"minecraft:cooked_porkchop":7,"minecraft:sweet_berries":12,"minecraft:dandelion":14,"minecraft:raw_iron_block":1,"minecraft:dripstone_block":2,"minecraft:sand":69,"minecraft:jungle_planks":15,"minecraft:spruce_sapling":11,"minecraft:white_bed":2,"minecraft:spruce_log":86,"minecraft:spider_eye":2,"minecraft:yellow_carpet":3,"minecraft:sugar":2,"minecraft:diamond":19,"minecraft:stone_axe":1,"minecraft:granite":62,"minecraft:emerald":8,"minecraft:bread":5,"minecraft:baked_potato":1,"minecraft:oak_sapling":42,"minecraft:dark_oak_fence":6,"minecraft:coal":375},"minecraft:dropped":{"minecraft:bread":64,"minecraft:moss_block":1,"minecraft:wheat_seeds":40,"minecraft:glow_ink_sac":2,"minecraft:leather":6,"minecraft:granite":7,"minecraft:diorite":8,"minecraft:wooden_hoe":1,"minecraft:spruce_sapling":11,"minecraft:smooth_basalt":3,"minecraft:bone":1,"minecraft:cobbled_deepslate":2,"minecraft:rotten_flesh":26,"minecraft:diamond_shovel":1,"minecraft:jungle_trapdoor":3,"minecraft:gunpowder":4,"minecraft:andesite":15,"minecraft:oak_sapling":1,"minecraft:spider_eye":2,"minecraft:spruce_log":13,"minecraft:wooden_pickaxe":1,"minecraft:arrow":1}},"DataVersion":3953}