{"stats":{"minecraft:picked_up":{"minecraft:raw_iron":6,"minecraft:stick":3,"minecraft:crafting_table":4,"minecraft:sweet_berries":3,"minecraft:leather":5,"minecraft:torch":1,"minecraft:dripstone_block":1,"minecraft:potato":5,"minecraft:spruce_sapling":1,"minecraft:spruce_log":8,"minecraft:string":3,"minecraft:blue_bed":1,"minecraft:dirt":4,"minecraft:bone":5,"minecraft:arrow":2,"minecraft:rotten_flesh":12,"minecraft:iron_ingot":1,"minecraft:beef":13,"minecraft:bread":5,"minecraft:iron_pickaxe":1,"minecraft:coal":140,"minecraft:white_wool":3,"minecraft:cobblestone":58,"minecraft:furnace":2},"minecraft:used":{"minecraft:wooden_axe":10,"minecraft:stone_sword":49,"minecraft:bread":5,"minecraft:iron_pickaxe":191,"minecraft:torch":2,"minecraft:dirt":4,"minecraft:cobblestone":18,"minecraft:sweet_berries":2,"minecraft:crafting_table":4,"minecraft:furnace":2,"minecraft:cooked_beef":5},"minecraft:killed":{"minecraft:skeleton":3,"minecraft:zombie":6,"minecraft:zombie_villager":1,"minecraft:spider":1,"minecraft:cow":3},"minecraft:mined":{"minecraft:furnace":2,"minecraft:iron_ore":2,"minecraft:spruce_log":8,"minecraft:crafting_table":4,"minecraft:grass_block":1,"minecraft:coal_ore":116,"minecraft:dripstone_block":1,"minecraft:dirt":3,"minecraft:cobblestone":13,"minecraft:spruce_leaves":13,"minecraft:stone":52,"minecraft:wall_torch":1,"minecraft:blue_bed":1},"minecraft:crafted":{"minecraft:cooked_beef":6,"minecraft:shield":1,"minecraft:crafting_table":1,"minecraft:spruce_planks":32,"minecraft:stick":4,"minecraft:wooden_axe":1,"minecraft:stone_sword":1,"minecraft:furnace":1,"minecraft:torch":4,"minecraft:air":0},"minecraft:custom":{"minecraft:time_since_rest":67893,"minecraft:interact_with_furnace":4,"minecraft:sprint_one_cm":59675,"minecraft:damage_taken":755,"minecraft:walk_one_cm":91942,"minecraft:mob_kills":15,"minecraft:damage_dealt":2502,"minecraft:swim_one_cm":1596,"minecraft:interact_with_crafting_table":4,"minecraft:fly_one_cm":44392,"minecraft:open_chest":1,"minecraft:crouch_one_cm":7144,"minecraft:play_time":67893,"minecraft:sneak_time":2135,"minecraft:walk_under_water_one_cm":677,"minecraft:jump":354,"minecraft:leave_game":3,"minecraft:walk_on_water_one_cm":2802,"minecraft:time_since_death":67893,"minecraft:total_world_time":67893,"minecraft:fall_one_cm":8590}},"DataVersion":3953}