{"stats":{"minecraft:picked_up":{"minecraft:crafting_table":6,"minecraft:andesite":12,"minecraft:leather":5,"minecraft:potato":5,"minecraft:string":3,"minecraft:blue_bed":5,"minecraft:dirt":5,"minecraft:bone":7,"minecraft:iron_ingot":1,"minecraft:beef":13,"minecraft:iron_pickaxe":1,"minecraft:furnace":3,"minecraft:egg":1,"minecraft:raw_iron":6,"minecraft:stick":12,"minecraft:sweet_berries":3,"minecraft:torch":1,"minecraft:dripstone_block":2,"minecraft:spruce_sapling":6,"minecraft:spruce_log":65,"minecraft:arrow":3,"minecraft:rotten_flesh":13,"minecraft:bread":5,"minecraft:coal":159,"minecraft:white_wool":3,"minecraft:cobblestone":89},"minecraft:used":{"minecraft:stone_sword":59,"minecraft:shield":2,"minecraft:blue_bed":4,"minecraft:torch":2,"minecraft:dirt":5,"minecraft:crafting_table":6,"minecraft:spruce_log":10,"minecraft:wooden_axe":11,"minecraft:iron_axe":76,"minecraft:bread":5,"minecraft:iron_pickaxe":251,"minecraft:cobblestone":30,"minecraft:sweet_berries":2,"minecraft:furnace":3,"minecraft:andesite":7,"minecraft:egg":1,"minecraft:cooked_beef":6},"minecraft:killed":{"minecraft:zombie_villager":1,"minecraft:spider":1,"minecraft:skeleton":4,"minecraft:zombie":7,"minecraft:cow":3},"minecraft:broken":{"minecraft:iron_pickaxe":1},"minecraft:mined":{"minecraft:crafting_table":6,"minecraft:grass_block":2,"minecraft:cobblestone":15,"minecraft:spruce_leaves":28,"minecraft:wall_torch":1,"minecraft:blue_bed":5,"minecraft:furnace":3,"minecraft:iron_ore":2,"minecraft:spruce_log":67,"minecraft:andesite":12,"minecraft:coal_ore":131,"minecraft:dripstone_block":2,"minecraft:dirt":3,"minecraft:stone":81},"minecraft:crafted":{"minecraft:cooked_beef":6,"minecraft:crafting_table":1,"minecraft:spruce_planks":32,"minecraft:furnace":1,"minecraft:air":0,"minecraft:shield":1,"minecraft:iron_axe":1,"minecraft:stick":8,"minecraft:iron_ingot":6,"minecraft:iron_pickaxe":1,"minecraft:wooden_axe":1,"minecraft:stone_sword":1,"minecraft:torch":4},"minecraft:custom":{"minecraft:interact_with_furnace":10,"minecraft:mob_kills":17,"minecraft:interact_with_crafting_table":6,"minecraft:leave_game":4,"minecraft:time_since_death":99385,"minecraft:sleep_in_bed":2,"minecraft:time_since_rest":8513,"minecraft:sprint_one_cm":95160,"minecraft:damage_taken":820,"minecraft:walk_one_cm":127283,"minecraft:damage_blocked_by_shield":55,"minecraft:damage_dealt":2901,"minecraft:swim_one_cm":1596,"minecraft:fly_one_cm":65479,"minecraft:open_chest":1,"minecraft:crouch_one_cm":10530,"minecraft:play_time":99385,"minecraft:sneak_time":3417,"minecraft:walk_under_water_one_cm":1146,"minecraft:jump":573,"minecraft:walk_on_water_one_cm":5760,"minecraft:total_world_time":99385,"minecraft:fall_one_cm":11803}},"DataVersion":3953}