{"stats":{"minecraft:mined":{"minecraft:crafting_table":6,"minecraft:grass_block":2,"minecraft:campfire":1,"minecraft:cobblestone":18,"minecraft:spruce_leaves":34,"minecraft:wall_torch":1,"minecraft:blue_bed":5,"minecraft:large_fern":1,"minecraft:furnace":4,"minecraft:iron_ore":2,"minecraft:spruce_log":72,"minecraft:andesite":12,"minecraft:coal_ore":131,"minecraft:dripstone_block":2,"minecraft:dirt":3,"minecraft:stone":81},"minecraft:custom":{"minecraft:interact_with_furnace":11,"minecraft:mob_kills":29,"minecraft:interact_with_crafting_table":6,"minecraft:leave_game":4,"minecraft:time_since_death":109623,"minecraft:sleep_in_bed":2,"minecraft:time_since_rest":18751,"minecraft:sprint_one_cm":141640,"minecraft:damage_taken":1005,"minecraft:walk_one_cm":154006,"minecraft:damage_blocked_by_shield":224,"minecraft:damage_dealt":5217,"minecraft:swim_one_cm":3952,"minecraft:fly_one_cm":84904,"minecraft:open_chest":1,"minecraft:crouch_one_cm":10530,"minecraft:play_time":109623,"minecraft:sneak_time":3622,"minecraft:walk_under_water_one_cm":1508,"minecraft:jump":724,"minecraft:walk_on_water_one_cm":6146,"minecraft:total_world_time":109623,"minecraft:fall_one_cm":14073},"minecraft:broken":{"minecraft:iron_pickaxe":1},"minecraft:killed":{"minecraft:pig":1,"minecraft:zombie_villager":1,"minecraft:spider":4,"minecraft:iron_golem":1,"minecraft:skeleton":5,"minecraft:zombie":9,"minecraft:chicken":3,"minecraft:drowned":1,"minecraft:cow":3},"minecraft:used":{"minecraft:stone_sword":98,"minecraft:shield":5,"minecraft:blue_bed":4,"minecraft:torch":2,"minecraft:dirt":5,"minecraft:crafting_table":6,"minecraft:spruce_log":10,"minecraft:wooden_axe":11,"minecraft:iron_axe":94,"minecraft:bread":5,"minecraft:iron_pickaxe":255,"minecraft:cobblestone":33,"minecraft:sweet_berries":2,"minecraft:furnace":4,"minecraft:andesite":7,"minecraft:egg":1,"minecraft:cooked_beef":8},"minecraft:crafted":{"minecraft:cooked_beef":6,"minecraft:crafting_table":1,"minecraft:spruce_planks":32,"minecraft:furnace":1,"minecraft:air":0,"minecraft:shield":1,"minecraft:iron_axe":1,"minecraft:stick":8,"minecraft:iron_ingot":6,"minecraft:iron_pickaxe":1,"minecraft:wooden_axe":1,"minecraft:stone_sword":1,"minecraft:torch":4},"minecraft:picked_up":{"minecraft:charcoal":2,"minecraft:crafting_table":6,"minecraft:feather":5,"minecraft:cooked_beef":4,"minecraft:chicken":3,"minecraft:andesite":12,"minecraft:leather":5,"minecraft:potato":5,"minecraft:string":6,"minecraft:blue_bed":5,"minecraft:dirt":5,"minecraft:bone":9,"minecraft:beef":13,"minecraft:iron_ingot":6,"minecraft:iron_pickaxe":1,"minecraft:egg":1,"minecraft:furnace":4,"minecraft:raw_iron":6,"minecraft:stick":12,"minecraft:sweet_berries":3,"minecraft:torch":1,"minecraft:dripstone_block":2,"minecraft:porkchop":3,"minecraft:spruce_sapling":10,"minecraft:spruce_log":70,"minecraft:arrow":4,"minecraft:rotten_flesh":13,"minecraft:bread":5,"minecraft:coal":162,"minecraft:white_wool":3,"minecraft:cobblestone":92}},"DataVersion":3953}