{"stats":{"minecraft:mined":{"minecraft:crafting_table":6,"minecraft:short_grass":1,"minecraft:grass_block":2,"minecraft:campfire":1,"minecraft:cobblestone":20,"minecraft:spruce_leaves":41,"minecraft:wall_torch":2,"minecraft:blue_bed":5,"minecraft:large_fern":4,"minecraft:furnace":4,"minecraft:iron_ore":2,"minecraft:sweet_berry_bush":1,"minecraft:spruce_log":72,"minecraft:andesite":12,"minecraft:coal_ore":140,"minecraft:dripstone_block":2,"minecraft:dirt":3,"minecraft:stone":90,"minecraft:fern":2},"minecraft:custom":{"minecraft:interact_with_furnace":11,"minecraft:mob_kills":32,"minecraft:interact_with_crafting_table":6,"minecraft:leave_game":6,"minecraft:time_since_death":130790,"minecraft:sleep_in_bed":2,"minecraft:time_since_rest":39918,"minecraft:sprint_one_cm":172999,"minecraft:damage_taken":1060,"minecraft:walk_one_cm":171843,"minecraft:damage_blocked_by_shield":224,"minecraft:damage_dealt":5886,"minecraft:swim_one_cm":3952,"minecraft:fly_one_cm":109879,"minecraft:open_chest":1,"minecraft:crouch_one_cm":10530,"minecraft:play_time":130790,"minecraft:sneak_time":3623,"minecraft:walk_under_water_one_cm":1508,"minecraft:jump":907,"minecraft:walk_on_water_one_cm":6146,"minecraft:total_world_time":130790,"minecraft:fall_one_cm":17579},"minecraft:broken":{"minecraft:iron_pickaxe":1},"minecraft:killed":{"minecraft:pig":1,"minecraft:zombie_villager":2,"minecraft:spider":4,"minecraft:iron_golem":1,"minecraft:creeper":1,"minecraft:sheep":1,"minecraft:skeleton":5,"minecraft:zombie":9,"minecraft:chicken":3,"minecraft:drowned":1,"minecraft:cow":3},"minecraft:used":{"minecraft:stone_sword":119,"minecraft:shield":5,"minecraft:blue_bed":4,"minecraft:torch":3,"minecraft:dirt":5,"minecraft:crafting_table":6,"minecraft:spruce_log":10,"minecraft:wooden_axe":11,"minecraft:iron_axe":94,"minecraft:bread":5,"minecraft:iron_pickaxe":281,"minecraft:cobblestone":35,"minecraft:sweet_berries":2,"minecraft:furnace":4,"minecraft:andesite":7,"minecraft:egg":1,"minecraft:cooked_beef":10},"minecraft:crafted":{"minecraft:cooked_beef":6,"minecraft:crafting_table":1,"minecraft:spruce_planks":32,"minecraft:furnace":1,"minecraft:air":0,"minecraft:shield":1,"minecraft:iron_axe":1,"minecraft:stick":8,"minecraft:iron_ingot":6,"minecraft:iron_pickaxe":1,"minecraft:wooden_axe":1,"minecraft:stone_sword":1,"minecraft:torch":4},"minecraft:picked_up":{"minecraft:charcoal":2,"minecraft:crafting_table":6,"minecraft:feather":5,"minecraft:cooked_beef":4,"minecraft:chicken":3,"minecraft:andesite":12,"minecraft:leather":5,"minecraft:potato":5,"minecraft:gunpowder":1,"minecraft:blue_bed":5,"minecraft:dirt":5,"minecraft:string":6,"minecraft:bone":10,"minecraft:wheat_seeds":1,"minecraft:beef":13,"minecraft:iron_ingot":6,"minecraft:iron_pickaxe":1,"minecraft:egg":1,"minecraft:furnace":4,"minecraft:stick":12,"minecraft:raw_iron":6,"minecraft:sweet_berries":6,"minecraft:torch":2,"minecraft:dripstone_block":2,"minecraft:porkchop":3,"minecraft:spruce_sapling":11,"minecraft:spruce_log":70,"minecraft:arrow":5,"minecraft:rotten_flesh":15,"minecraft:bread":5,"minecraft:mutton":2,"minecraft:coal":171,"minecraft:white_wool":4,"minecraft:cobblestone":103}},"DataVersion":3953}