{"stats":{"minecraft:picked_up":{"minecraft:stick":3,"minecraft:crafting_table":1,"minecraft:sweet_berries":3,"minecraft:leather":5,"minecraft:potato":5,"minecraft:spruce_sapling":1,"minecraft:spruce_log":8,"minecraft:blue_bed":1,"minecraft:dirt":4,"minecraft:arrow":2,"minecraft:rotten_flesh":4,"minecraft:beef":9,"minecraft:bread":5,"minecraft:iron_pickaxe":1,"minecraft:coal":15,"minecraft:cobblestone":20},"minecraft:used":{"minecraft:wooden_axe":7,"minecraft:bread":1,"minecraft:iron_pickaxe":43,"minecraft:dirt":4,"minecraft:crafting_table":1},"minecraft:killed":{"minecraft:zombie":1,"minecraft:cow":3},"minecraft:mined":{"minecraft:spruce_log":8,"minecraft:crafting_table":1,"minecraft:grass_block":1,"minecraft:coal_ore":15,"minecraft:dirt":3,"minecraft:spruce_leaves":13,"minecraft:stone":24,"minecraft:blue_bed":1},"minecraft:crafted":{"minecraft:crafting_table":1,"minecraft:spruce_planks":32,"minecraft:wooden_axe":1},"minecraft:custom":{"minecraft:time_since_rest":26763,"minecraft:sprint_one_cm":24283,"minecraft:damage_taken":95,"minecraft:walk_one_cm":30785,"minecraft:mob_kills":4,"minecraft:damage_dealt":500,"minecraft:interact_with_crafting_table":1,"minecraft:fly_one_cm":17168,"minecraft:open_chest":1,"minecraft:crouch_one_cm":3038,"minecraft:play_time":26763,"minecraft:sneak_time":1071,"minecraft:jump":156,"minecraft:leave_game":3,"minecraft:time_since_death":26763,"minecraft:total_world_time":26763,"minecraft:fall_one_cm":3753}},"DataVersion":3953}