{"stats":{"minecraft:broken":{"minecraft:stone_sword":1,"minecraft:iron_pickaxe":2,"minecraft:wooden_axe":1},"minecraft:crafted":{"minecraft:wooden_sword":1,"minecraft:oak_planks":156,"minecraft:stone_shovel":1,"minecraft:furnace":1,"minecraft:cooked_mutton":14,"minecraft:iron_boots":1,"minecraft:iron_axe":1,"minecraft:wheat":450,"minecraft:crafting_table":3,"minecraft:iron_helmet":1,"minecraft:stone_axe":1,"minecraft:bread":150,"minecraft:air":0,"minecraft:oak_boat":1,"minecraft:iron_chestplate":1,"minecraft:shield":2,"minecraft:stick":12,"minecraft:iron_ingot":42,"minecraft:iron_pickaxe":3,"minecraft:wooden_axe":1,"minecraft:stone_sword":1,"minecraft:iron_leggings":1,"minecraft:white_bed":1},"minecraft:dropped":{"minecraft:bread":32,"minecraft:ominous_bottle":1,"minecraft:wheat_seeds":36,"minecraft:rooted_dirt":64,"minecraft:leather":13,"minecraft:granite":2,"minecraft:stick":1,"minecraft:dirt":12,"minecraft:diorite":18,"minecraft:scrape_pottery_sherd":3,"minecraft:wooden_sword":1,"minecraft:white_banner":2,"minecraft:string":2,"minecraft:white_wool":1,"minecraft:bone":8,"minecraft:cobbled_deepslate":2,"minecraft:tuff":1,"minecraft:rotten_flesh":5,"minecraft:filled_map":1,"minecraft:andesite":1,"minecraft:spider_eye":3},"minecraft:used":{"minecraft:stone_sword":91,"minecraft:stone_shovel":32,"minecraft:shield":111,"minecraft:iron_chestplate":1,"minecraft:mutton":1,"minecraft:carrot":1,"minecraft:granite":4,"minecraft:honey_bottle":2,"minecraft:wooden_axe":50,"minecraft:iron_axe":126,"minecraft:iron_boots":1,"minecraft:bow":35,"minecraft:beef":1,"minecraft:furnace":4,"minecraft:oak_sapling":5,"minecraft:cobbled_deepslate":9,"minecraft:pointed_dripstone":2,"minecraft:iron_leggings":1,"minecraft:cooked_mutton":14,"minecraft:crafting_table":12,"minecraft:blast_furnace":1,"minecraft:white_bed":2,"minecraft:dripstone_block":2,"minecraft:apple":1,"minecraft:wind_charge":2,"minecraft:bread":43,"minecraft:iron_pickaxe":726,"minecraft:stone_axe":30,"minecraft:wooden_sword":34,"minecraft:cobblestone":96,"minecraft:white_banner":1,"minecraft:oak_boat":1},"minecraft:picked_up":{"minecraft:waxed_oxidized_cut_copper":1,"minecraft:crafting_table":10,"minecraft:iron_chestplate":1,"minecraft:ominous_bottle":1,"minecraft:smithing_table":1,"minecraft:brick":77,"minecraft:string":4,"minecraft:flint_and_steel":1,"minecraft:cobbled_deepslate":89,"minecraft:beef":31,"minecraft:poppy":4,"minecraft:iron_pickaxe":1,"minecraft:enchanted_golden_apple":1,"minecraft:lectern":2,"minecraft:chest":2,"minecraft:birch_sapling":2,"minecraft:furnace":4,"minecraft:raw_iron":42,"minecraft:stick":6,"minecraft:flow_pottery_sherd":1,"minecraft:waxed_copper_grate":4,"minecraft:pointed_dripstone":9,"minecraft:diorite":21,"minecraft:carrot":2,"minecraft:arrow":77,"minecraft:rotten_flesh":5,"minecraft:hay_block":50,"minecraft:gold_ingot":12,"minecraft:tuff_bricks":3,"minecraft:cobblestone":196,"minecraft:mutton":22,"minecraft:obsidian":1,"minecraft:white_wool":16,"minecraft:bone_block":57,"minecraft:cooked_beef":30,"minecraft:andesite":15,"minecraft:leather":13,"minecraft:tuff":3,"minecraft:oak_log":39,"minecraft:dirt":20,"minecraft:white_banner":4,"minecraft:bone":12,"minecraft:apple":1,"minecraft:bow":1,"minecraft:wheat_seeds":36,"minecraft:iron_ingot":30,"minecraft:cooked_chicken":2,"minecraft:scrape_pottery_sherd":4,"minecraft:oak_planks":1,"minecraft:dripstone_block":80,"minecraft:blast_furnace":2,"minecraft:white_bed":3,"minecraft:spider_eye":3,"minecraft:diamond":26,"minecraft:breeze_rod":1,"minecraft:granite":13,"minecraft:emerald":22,"minecraft:bread":10,"minecraft:rooted_dirt":62,"minecraft:baked_potato":2,"minecraft:oak_sapling":7,"minecraft:coal":190},"minecraft:killed":{"minecraft:spider":5,"minecraft:skeleton":11,"minecraft:husk":21,"minecraft:iron_golem":3,"minecraft:creeper":1,"minecraft:sheep":14,"minecraft:pillager":4,"minecraft:zombie":18,"minecraft:breeze":1,"minecraft:cow":13},"minecraft:custom":{"minecraft:mob_kills":94,"minecraft:interact_with_crafting_table":27,"minecraft:open_barrel":12,"minecraft:leave_game":1,"minecraft:time_since_death":157733,"minecraft:climb_one_cm":4498,"minecraft:sprint_one_cm":568868,"minecraft:walk_one_cm":342234,"minecraft:damage_blocked_by_shield":1354,"minecraft:drop":45,"minecraft:play_time":228563,"minecraft:deaths":1,"minecraft:sneak_time":8230,"minecraft:walk_under_water_one_cm":20195,"minecraft:boat_one_cm":97934,"minecraft:jump":3083,"minecraft:interact_with_blast_furnace":2,"minecraft:walk_on_water_one_cm":26824,"minecraft:total_world_time":228563,"minecraft:interact_with_furnace":19,"minecraft:sleep_in_bed":2,"minecraft:time_since_rest":106162,"minecraft:damage_taken":2965,"minecraft:damage_dealt":16113,"minecraft:swim_one_cm":29069,"minecraft:fly_one_cm":737183,"minecraft:open_chest":19,"minecraft:crouch_one_cm":19525,"minecraft:fall_one_cm":78718,"minecraft:inspect_dispenser":6,"minecraft:horse_one_cm":1149905},"minecraft:mined":{"minecraft:tuff":4,"minecraft:white_bed":2,"minecraft:dark_oak_leaves":1,"minecraft:deepslate_diamond_ore":26,"minecraft:granite":11,"minecraft:grass_block":8,"minecraft:decorated_pot":36,"minecraft:chiseled_tuff_bricks":3,"minecraft:tuff_bricks":6,"minecraft:rooted_dirt":87,"minecraft:hay_block":51,"minecraft:waxed_oxidized_cut_copper":1,"minecraft:furnace":4,"minecraft:waxed_copper_grate":4,"minecraft:iron_ore":29,"minecraft:andesite":17,"minecraft:pointed_dripstone":7,"minecraft:vine":3,"minecraft:cave_vines":1,"minecraft:deepslate_iron_ore":15,"minecraft:stone":165,"minecraft:white_banner":1,"minecraft:bone_block":58,"minecraft:smithing_table":1,"minecraft:crafting_table":11,"minecraft:short_grass":37,"minecraft:blast_furnace":2,"minecraft:chest":1,"minecraft:lectern":1,"minecraft:tall_grass":74,"minecraft:cobblestone":43,"minecraft:diorite":21,"minecraft:birch_leaves":4,"minecraft:coal_ore":75,"minecraft:oak_log":39,"minecraft:dripstone_block":41,"minecraft:dirt":9,"minecraft:oak_leaves":21,"minecraft:deepslate":95,"minecraft:fern":1}},"DataVersion":3953}