{"stats":{"minecraft:mined":{"minecraft:oak_slab":4,"minecraft:spruce_planks":3,"minecraft:white_bed":1,"minecraft:crafting_table":10,"minecraft:granite":36,"minecraft:jungle_stairs":3,"minecraft:short_grass":26,"minecraft:grass_block":5,"minecraft:jungle_planks":8,"minecraft:jungle_log":1,"minecraft:campfire":1,"minecraft:cobblestone":20,"minecraft:spruce_leaves":48,"minecraft:sandstone":32,"minecraft:wall_torch":2,"minecraft:blue_bed":5,"minecraft:spruce_stairs":1,"minecraft:large_fern":22,"minecraft:furnace":6,"minecraft:birch_log":3,"minecraft:iron_ore":2,"minecraft:sweet_berry_bush":3,"minecraft:spruce_log":72,"minecraft:andesite":27,"minecraft:deepslate_iron_ore":2,"minecraft:coal_ore":171,"minecraft:sand":11,"minecraft:dripstone_block":2,"minecraft:dirt":3,"minecraft:stone":118,"minecraft:deepslate":1,"minecraft:spruce_slab":1,"minecraft:oak_leaves":1,"minecraft:fern":2,"minecraft:jungle_trapdoor":1},"minecraft:custom":{"minecraft:interact_with_furnace":22,"minecraft:mob_kills":78,"minecraft:interact_with_crafting_table":19,"minecraft:leave_game":6,"minecraft:time_since_death":2432,"minecraft:sleep_in_bed":3,"minecraft:time_since_rest":2461,"minecraft:sprint_one_cm":370357,"minecraft:damage_taken":1756,"minecraft:walk_one_cm":449411,"minecraft:damage_blocked_by_shield":2084,"minecraft:drop":6,"minecraft:damage_dealt":11191,"minecraft:swim_one_cm":17839,"minecraft:fly_one_cm":407784,"minecraft:open_chest":6,"minecraft:crouch_one_cm":16925,"minecraft:play_time":207545,"minecraft:deaths":2,"minecraft:sneak_time":5453,"minecraft:walk_under_water_one_cm":7668,"minecraft:jump":2088,"minecraft:walk_on_water_one_cm":12127,"minecraft:total_world_time":207545,"minecraft:fall_one_cm":41735},"minecraft:broken":{"minecraft:stone_sword":1,"minecraft:iron_pickaxe":1},"minecraft:killed":{"minecraft:pig":14,"minecraft:zombie_villager":2,"minecraft:spider":6,"minecraft:iron_golem":1,"minecraft:creeper":2,"minecraft:sheep":6,"minecraft:skeleton":7,"minecraft:zombie":17,"minecraft:chicken":12,"minecraft:drowned":1,"minecraft:cow":9},"minecraft:killed_by":{"minecraft:player":1,"minecraft:skeleton":1},"minecraft:used":{"minecraft:stone_sword":130,"minecraft:iron_shovel":11,"minecraft:stone_pickaxe":124,"minecraft:wooden_pickaxe":5,"minecraft:shield":113,"minecraft:blue_bed":4,"minecraft:torch":3,"minecraft:dirt":7,"minecraft:crafting_table":11,"minecraft:white_bed":1,"minecraft:granite":25,"minecraft:spruce_log":10,"minecraft:wooden_axe":11,"minecraft:iron_axe":147,"minecraft:bread":5,"minecraft:iron_pickaxe":301,"minecraft:stone_axe":46,"minecraft:cobblestone":36,"minecraft:sweet_berries":12,"minecraft:furnace":6,"minecraft:cooked_porkchop":5,"minecraft:andesite":8,"minecraft:egg":8,"minecraft:cooked_beef":10},"minecraft:crafted":{"minecraft:cooked_beef":6,"minecraft:cooked_porkchop":9,"minecraft:iron_nugget":45,"minecraft:crafting_table":3,"minecraft:spruce_planks":32,"minecraft:furnace":2,"minecraft:birch_planks":12,"minecraft:stone_axe":1,"minecraft:air":0,"minecraft:shield":2,"minecraft:iron_axe":1,"minecraft:stick":12,"minecraft:iron_ingot":12,"minecraft:iron_pickaxe":1,"minecraft:stone_pickaxe":1,"minecraft:wooden_axe":1,"minecraft:stone_sword":1,"minecraft:iron_shovel":1,"minecraft:white_bed":1,"minecraft:torch":4},"minecraft:picked_up":{"minecraft:birch_log":3,"minecraft:charcoal":2,"minecraft:crafting_table":10,"minecraft:feather":15,"minecraft:cooked_beef":4,"minecraft:chicken":12,"minecraft:jungle_log":3,"minecraft:andesite":27,"minecraft:leather":16,"minecraft:wooden_pickaxe":1,"minecraft:potato":5,"minecraft:gunpowder":4,"minecraft:jungle_trapdoor":3,"minecraft:blue_bed":5,"minecraft:dirt":28,"minecraft:string":7,"minecraft:bone":10,"minecraft:wheat_seeds":8,"minecraft:cobbled_deepslate":1,"minecraft:spruce_planks":5,"minecraft:beef":25,"minecraft:iron_ingot":6,"minecraft:iron_pickaxe":1,"minecraft:spruce_slab":1,"minecraft:moss_block":1,"minecraft:egg":8,"minecraft:furnace":6,"minecraft:oak_slab":4,"minecraft:stick":12,"minecraft:raw_iron":8,"minecraft:sandstone":32,"minecraft:cooked_porkchop":4,"minecraft:sweet_berries":12,"minecraft:spruce_stairs":1,"minecraft:torch":2,"minecraft:jungle_planks":12,"minecraft:sand":11,"minecraft:dripstone_block":2,"minecraft:porkchop":39,"minecraft:spruce_sapling":11,"minecraft:white_bed":1,"minecraft:spruce_log":70,"minecraft:spider_eye":1,"minecraft:arrow":6,"minecraft:rotten_flesh":22,"minecraft:jungle_stairs":6,"minecraft:granite":40,"minecraft:bread":5,"minecraft:mutton":14,"minecraft:coal":294,"minecraft:white_wool":9,"minecraft:cobblestone":135},"minecraft:dropped":{"minecraft:wheat_seeds":5,"minecraft:rotten_flesh":22,"minecraft:gunpowder":3,"minecraft:spider_eye":1,"minecraft:spruce_sapling":11}},"DataVersion":3953}