{"stats":{"minecraft:mined":{"minecraft:tuff":32,"minecraft:spruce_planks":3,"minecraft:white_bed":1,"minecraft:deepslate_diamond_ore":10,"minecraft:granite":44,"minecraft:grass_block":8,"minecraft:jungle_planks":8,"minecraft:jungle_log":1,"minecraft:spruce_leaves":48,"minecraft:sandstone":32,"minecraft:large_fern":22,"minecraft:raw_iron_block":1,"minecraft:furnace":11,"minecraft:iron_ore":64,"minecraft:cobbled_deepslate":19,"minecraft:andesite":29,"minecraft:deepslate_lapis_ore":2,"minecraft:anvil":1,"minecraft:deepslate_iron_ore":72,"minecraft:stone":295,"minecraft:spruce_slab":1,"minecraft:jungle_trapdoor":1,"minecraft:oak_slab":4,"minecraft:crafting_table":15,"minecraft:torch":2,"minecraft:jungle_stairs":3,"minecraft:short_grass":36,"minecraft:campfire":1,"minecraft:tall_grass":52,"minecraft:cobblestone":48,"minecraft:lapis_ore":4,"minecraft:diorite":7,"minecraft:blue_bed":5,"minecraft:wall_torch":3,"minecraft:spruce_stairs":1,"minecraft:birch_log":3,"minecraft:sweet_berry_bush":3,"minecraft:spruce_log":72,"minecraft:oak_log":16,"minecraft:coal_ore":171,"minecraft:dripstone_block":2,"minecraft:gravel":1,"minecraft:sand":11,"minecraft:dirt":6,"minecraft:smooth_basalt":3,"minecraft:oak_leaves":2,"minecraft:deepslate":115,"minecraft:fern":2},"minecraft:custom":{"minecraft:interact_with_anvil":2,"minecraft:mob_kills":97,"minecraft:interact_with_crafting_table":31,"minecraft:leave_game":8,"minecraft:time_since_death":163125,"minecraft:sprint_one_cm":503156,"minecraft:walk_one_cm":631064,"minecraft:damage_blocked_by_shield":2941,"minecraft:drop":31,"minecraft:play_time":368238,"minecraft:sneak_time":15626,"minecraft:deaths":2,"minecraft:walk_under_water_one_cm":54926,"minecraft:jump":3398,"minecraft:walk_on_water_one_cm":36065,"minecraft:total_world_time":368238,"minecraft:interact_with_furnace":74,"minecraft:sleep_in_bed":4,"minecraft:time_since_rest":63615,"minecraft:damage_taken":2715,"minecraft:damage_dealt":14885,"minecraft:swim_one_cm":40418,"minecraft:fly_one_cm":868170,"minecraft:open_chest":17,"minecraft:crouch_one_cm":43018,"minecraft:fall_one_cm":67109},"minecraft:broken":{"minecraft:stone_sword":1,"minecraft:stone_pickaxe":1,"minecraft:stone_axe":1,"minecraft:iron_pickaxe":2},"minecraft:killed":{"minecraft:witch":1,"minecraft:spider":9,"minecraft:skeleton":10,"minecraft:chicken":12,"minecraft:drowned":1,"minecraft:pig":14,"minecraft:zombie_villager":3,"minecraft:iron_golem":1,"minecraft:creeper":2,"minecraft:sheep":6,"minecraft:zombie":28,"minecraft:cow":9},"minecraft:killed_by":{"minecraft:player":1,"minecraft:skeleton":1},"minecraft:crafted":{"minecraft:oak_planks":64,"minecraft:iron_nugget":45,"minecraft:furnace":3,"minecraft:cooked_mutton":9,"minecraft:iron_boots":1,"minecraft:iron_axe":2,"minecraft:stone_pickaxe":1,"minecraft:chest":2,"minecraft:cooked_beef":13,"minecraft:cooked_porkchop":10,"minecraft:crafting_table":3,"minecraft:spruce_planks":32,"minecraft:iron_helmet":1,"minecraft:iron_sword":1,"minecraft:birch_planks":12,"minecraft:bucket":1,"minecraft:stone_axe":1,"minecraft:air":0,"minecraft:jungle_planks":12,"minecraft:iron_chestplate":1,"minecraft:diamond_pickaxe":1,"minecraft:shield":2,"minecraft:stick":28,"minecraft:iron_ingot":141,"minecraft:iron_pickaxe":2,"minecraft:wooden_axe":1,"minecraft:stone_sword":1,"minecraft:iron_block":3,"minecraft:iron_shovel":1,"minecraft:iron_leggings":1,"minecraft:anvil":1,"minecraft:white_bed":1,"minecraft:torch":40},"minecraft:used":{"minecraft:stone_sword":130,"minecraft:iron_shovel":11,"minecraft:chest":2,"minecraft:shield":137,"minecraft:iron_sword":26,"minecraft:torch":27,"minecraft:dirt":13,"minecraft:anvil":1,"minecraft:tuff":3,"minecraft:granite":25,"minecraft:wooden_axe":11,"minecraft:iron_axe":168,"minecraft:sweet_berries":12,"minecraft:furnace":11,"minecraft:egg":8,"minecraft:cooked_beef":17,"minecraft:cobbled_deepslate":38,"minecraft:water_bucket":2,"minecraft:stone_pickaxe":131,"minecraft:wooden_pickaxe":5,"minecraft:blue_bed":4,"minecraft:crafting_table":15,"minecraft:white_bed":2,"minecraft:spruce_log":10,"minecraft:diamond_pickaxe":289,"minecraft:string":1,"minecraft:iron_pickaxe":551,"minecraft:bread":7,"minecraft:stone_axe":80,"minecraft:cobblestone":115,"minecraft:cooked_porkchop":9,"minecraft:andesite":8,"minecraft:bucket":2},"minecraft:picked_up":{"minecraft:charcoal":2,"minecraft:crafting_table":17,"minecraft:chicken":12,"minecraft:anvil":1,"minecraft:wooden_pickaxe":2,"minecraft:shield":1,"minecraft:jungle_trapdoor":6,"minecraft:string":8,"minecraft:cobbled_deepslate":121,"minecraft:spruce_planks":10,"minecraft:beef":32,"minecraft:iron_nugget":4,"minecraft:iron_pickaxe":1,"minecraft:spruce_slab":2,"minecraft:furnace":12,"minecraft:egg":8,"minecraft:stick":12,"minecraft:raw_iron":160,"minecraft:sandstone":47,"minecraft:torch":5,"minecraft:spruce_stairs":2,"minecraft:porkchop":40,"minecraft:diorite":8,"minecraft:carrot":1,"minecraft:redstone":6,"minecraft:arrow":10,"minecraft:rotten_flesh":31,"minecraft:jungle_stairs":12,"minecraft:mutton":23,"minecraft:white_wool":9,"minecraft:cobblestone":341,"minecraft:birch_log":3,"minecraft:feather":15,"minecraft:cooked_beef":4,"minecraft:glow_ink_sac":2,"minecraft:andesite":42,"minecraft:jungle_log":6,"minecraft:leather":22,"minecraft:potato":5,"minecraft:filled_map":1,"minecraft:birch_planks":2,"minecraft:tuff":36,"minecraft:oak_log":16,"minecraft:gunpowder":5,"minecraft:lapis_lazuli":42,"minecraft:dirt":35,"minecraft:blue_bed":5,"minecraft:coast_armor_trim_smithing_template":2,"minecraft:bone":12,"minecraft:wheat_seeds":20,"minecraft:iron_ingot":12,"minecraft:stone_pickaxe":1,"minecraft:moss_block":2,"minecraft:oak_slab":8,"minecraft:smooth_basalt":3,"minecraft:cooked_porkchop":7,"minecraft:sweet_berries":12,"minecraft:raw_iron_block":1,"minecraft:dripstone_block":2,"minecraft:sand":11,"minecraft:jungle_planks":15,"minecraft:spruce_sapling":11,"minecraft:white_bed":2,"minecraft:spruce_log":70,"minecraft:spider_eye":1,"minecraft:sugar":2,"minecraft:diamond":12,"minecraft:stone_axe":1,"minecraft:granite":62,"minecraft:emerald":8,"minecraft:bread":5,"minecraft:oak_sapling":1,"minecraft:coal":375},"minecraft:dropped":{"minecraft:moss_block":1,"minecraft:wheat_seeds":17,"minecraft:glow_ink_sac":2,"minecraft:leather":6,"minecraft:granite":7,"minecraft:diorite":8,"minecraft:spruce_sapling":11,"minecraft:smooth_basalt":3,"minecraft:bone":1,"minecraft:cobbled_deepslate":2,"minecraft:rotten_flesh":24,"minecraft:jungle_trapdoor":3,"minecraft:gunpowder":4,"minecraft:andesite":15,"minecraft:oak_sapling":1,"minecraft:spider_eye":1,"minecraft:wooden_pickaxe":1,"minecraft:arrow":1}},"DataVersion":3953}