{"stats":{"minecraft:mined":{"minecraft:spruce_planks":4,"minecraft:crafting_table":1,"minecraft:torch":1,"minecraft:grass_block":1,"minecraft:cobblestone":6,"minecraft:tall_grass":2,"minecraft:oak_planks":1,"minecraft:iron_ore":13,"minecraft:andesite":3,"minecraft:grass":28,"minecraft:coal_ore":6,"minecraft:dirt":1,"minecraft:stone":21},"minecraft:crafted":{"minecraft:stone":7,"minecraft:stone_axe":1,"minecraft:air":0,"justhammers:stone_hammer":1,"minecraft:stick":12,"minecraft:stone_pickaxe":1,"minecraft:stone_sword":1},"minecraft:used":{"minecraft:stone_sword":57,"minecraft:stone_pickaxe":52,"minecraft:spruce_planks":2,"minecraft:torch":1,"minecraft:mutton":5,"minecraft:white_bed":3,"minecraft:granite":9,"justhammers:stone_hammer":28,"minecraft:stone_axe":6,"minecraft:golden_sword":19,"minecraft:cobblestone":28,"minecraft:porkchop":2,"minecraft:andesite":5},"minecraft:killed_by":{"man:managgresive":3,"minecraft:player":5,"minecraft:skeleton":2,"minecraft:zombie":1,"goatman:goatman":1,"creation:creation":3},"minecraft:custom":{"minecraft:interact_with_furnace":9,"minecraft:mob_kills":19,"minecraft:interact_with_crafting_table":6,"minecraft:time_since_death":8698,"minecraft:sleep_in_bed":7,"minecraft:time_since_rest":8732,"minecraft:sprint_one_cm":125786,"minecraft:damage_taken":4761,"minecraft:walk_one_cm":344287,"minecraft:drop":33,"minecraft:damage_dealt":3728,"minecraft:swim_one_cm":16672,"minecraft:fly_one_cm":186319,"minecraft:player_kills":3,"minecraft:open_chest":357,"minecraft:crouch_one_cm":8480,"minecraft:play_time":111125,"minecraft:deaths":17,"minecraft:sneak_time":3311,"minecraft:walk_under_water_one_cm":3499,"minecraft:jump":1914,"minecraft:walk_on_water_one_cm":2731,"minecraft:total_world_time":111125,"minecraft:fall_one_cm":35556},"minecraft:picked_up":{"minecraft:crafting_table":1,"minecraft:feather":7,"minecraft:andesite":21,"minecraft:string":1,"minecraft:dirt":24,"minecraft:bone":2,"minecraft:wheat_seeds":6,"minecraft:spruce_planks":6,"minecraft:stone_pickaxe":1,"minecraft:oak_planks":13,"minecraft:egg":2,"minecraft:raw_iron":30,"minecraft:torch":4,"minecraft:porkchop":2,"minecraft:diorite":9,"minecraft:white_bed":3,"minecraft:stone_sword":3,"minecraft:arrow":3,"minecraft:rotten_flesh":6,"minecraft:stone_axe":1,"minecraft:granite":22,"minecraft:oak_sapling":17,"minecraft:mutton":5,"minecraft:coal":50,"minecraft:white_wool":3,"minecraft:cobblestone":120},"minecraft:killed":{"minecraft:pig":1,"minecraft:creeper":1,"minecraft:sheep":3,"minecraft:skeleton":7,"minecraft:zombie":7},"minecraft:dropped":{"minecraft:wheat_seeds":6,"minecraft:stone_sword":2,"minecraft:feather":7,"minecraft:rotten_flesh":6,"minecraft:oak_planks":1,"minecraft:diorite":9,"minecraft:torch":1,"minecraft:spruce_planks":2,"minecraft:andesite":16,"minecraft:arrow":3,"minecraft:string":1,"minecraft:egg":2,"minecraft:bone":2}},"DataVersion":3120}