{"stats":{"minecraft:picked_up":{"minecraft:crafting_table":1,"minecraft:wheat":19,"minecraft:feather":7,"minecraft:salmon":4,"minecraft:andesite":21,"minecraft:leather":2,"minecraft:oak_log":22,"minecraft:dirt":24,"minecraft:string":1,"minecraft:bone":2,"minecraft:apple":1,"minecraft:wheat_seeds":136,"minecraft:cobbled_deepslate":128,"minecraft:spruce_planks":6,"minecraft:iron_ingot":3,"minecraft:stone_pickaxe":1,"minecraft:oak_planks":17,"minecraft:egg":2,"minecraft:stick":9,"minecraft:raw_iron":30,"minecraft:torch":9,"minecraft:porkchop":2,"minecraft:diorite":13,"minecraft:white_bed":4,"minecraft:stone_sword":4,"minecraft:arrow":3,"minecraft:rotten_flesh":6,"minecraft:stone_axe":1,"minecraft:hay_block":9,"minecraft:granite":22,"minecraft:oak_sapling":31,"minecraft:mutton":5,"minecraft:coal":61,"minecraft:white_wool":3,"minecraft:cobblestone":147},"minecraft:custom":{"minecraft:interact_with_furnace":27,"minecraft:mob_kills":25,"minecraft:interact_with_cartography_table":2,"minecraft:interact_with_crafting_table":35,"minecraft:leave_game":2,"minecraft:time_since_death":4238,"minecraft:sleep_in_bed":11,"minecraft:climb_one_cm":53380,"minecraft:time_since_rest":4278,"minecraft:sprint_one_cm":237996,"minecraft:damage_taken":5434,"minecraft:walk_one_cm":607224,"minecraft:drop":48,"minecraft:damage_dealt":5198,"minecraft:talked_to_villager":1,"minecraft:swim_one_cm":44585,"minecraft:fly_one_cm":354636,"minecraft:player_kills":3,"minecraft:open_chest":392,"minecraft:crouch_one_cm":10648,"minecraft:play_time":177303,"minecraft:deaths":19,"minecraft:sneak_time":4560,"minecraft:walk_under_water_one_cm":13101,"minecraft:jump":2793,"minecraft:walk_on_water_one_cm":11919,"minecraft:total_world_time":177303,"minecraft:fall_one_cm":55400},"minecraft:killed_by":{"man:managgresive":3,"minecraft:player":5,"minecraft:skeleton":2,"minecraft:zombie":1,"goatman:goatman":2,"creation:creation":3,"mimicer:mimicer":1},"minecraft:killed":{"minecraft:pig":1,"minecraft:salmon":4,"minecraft:iron_golem":1,"minecraft:creeper":1,"minecraft:horse":1,"minecraft:sheep":3,"minecraft:skeleton":7,"minecraft:zombie":7},"minecraft:dropped":{"minecraft:wheat_seeds":8,"minecraft:stone_sword":4,"minecraft:cobbled_deepslate":61,"minecraft:feather":7,"minecraft:rotten_flesh":6,"minecraft:oak_planks":1,"minecraft:leather":2,"minecraft:diorite":9,"minecraft:torch":1,"minecraft:spruce_planks":2,"minecraft:andesite":16,"minecraft:oak_sapling":14,"minecraft:arrow":3,"minecraft:stone_pickaxe":1,"minecraft:string":1,"minecraft:egg":2,"minecraft:bone":2},"minecraft:used":{"minecraft:wheat_seeds":101,"minecraft:stone_sword":57,"minecraft:stone_pickaxe":57,"minecraft:spruce_planks":2,"minecraft:stone_hoe":46,"minecraft:torch":5,"minecraft:mutton":5,"minecraft:white_bed":4,"minecraft:granite":9,"minecraft:iron_pickaxe":4,"minecraft:bread":12,"justhammers:stone_hammer":33,"minecraft:stone_axe":27,"minecraft:golden_sword":38,"minecraft:cobblestone":31,"minecraft:porkchop":2,"minecraft:andesite":5,"minecraft:cobbled_deepslate":11,"minecraft:iron_leggings":1},"minecraft:mined":{"minecraft:spruce_planks":4,"minecraft:crafting_table":1,"minecraft:torch":5,"minecraft:grass_block":1,"minecraft:tall_grass":10,"minecraft:cobblestone":11,"minecraft:oak_planks":5,"minecraft:wall_torch":1,"minecraft:cobbled_deepslate":1,"minecraft:wheat":23,"minecraft:iron_ore":13,"minecraft:andesite":3,"minecraft:grass":60,"minecraft:oak_log":5,"minecraft:coal_ore":7,"minecraft:dirt":1,"minecraft:stone":21},"minecraft:crafted":{"minecraft:oak_planks":88,"minecraft:cooked_salmon":4,"minecraft:stone":7,"minecraft:stone_axe":1,"minecraft:bread":42,"minecraft:air":0,"minecraft:iron_chestplate":1,"minecraft:shield":1,"justhammers:stone_hammer":1,"minecraft:stick":16,"minecraft:iron_pickaxe":1,"minecraft:iron_ingot":13,"minecraft:stone_pickaxe":1,"minecraft:stone_sword":1,"minecraft:iron_leggings":1,"minecraft:stone_hoe":1,"minecraft:wheat":81}},"DataVersion":3120}