{"stats":{"minecraft:mined":{"minecraft:spruce_planks":7,"minecraft:sea_lantern":2,"minecraft:crafting_table":7,"minecraft:torch":1,"minecraft:granite":12,"minecraft:grass_block":579,"minecraft:copper_ore":1,"minecraft:tall_grass":47,"minecraft:cobblestone":11,"minecraft:spruce_leaves":20,"minecraft:oak_planks":2,"endofherobrine:mossy_stone_bricks":18,"minecraft:diorite":3,"minecraft:wall_torch":1,"minecraft:large_fern":4,"minecraft:furnace":2,"minecraft:iron_ore":30,"minecraft:fire":3,"minecraft:wheat":5,"minecraft:andesite":3,"minecraft:spruce_log":96,"minecraft:grass":159,"minecraft:oak_log":15,"minecraft:coal_ore":62,"minecraft:dirt":187,"minecraft:cracked_stone_bricks":16,"minecraft:stone":85,"minecraft:deepslate":11,"minecraft:oak_leaves":3,"minecraft:spruce_slab":1,"minecraft:redstone_wall_torch":1,"minecraft:fern":1},"minecraft:crafted":{"minecraft:wooden_sword":1,"minecraft:stone_shovel":3,"minecraft:cooked_porkchop":8,"minecraft:crafting_table":4,"minecraft:spruce_planks":376,"minecraft:cooked_chicken":1,"minecraft:iron_helmet":1,"minecraft:wooden_pickaxe":1,"minecraft:iron_sword":1,"minecraft:furnace":1,"minecraft:bone_meal":9,"minecraft:stone_axe":1,"minecraft:cooked_mutton":19,"minecraft:air":0,"minecraft:glass":26,"minecraft:iron_boots":1,"minecraft:iron_chestplate":1,"minecraft:shield":1,"minecraft:iron_axe":1,"minecraft:spruce_slab":6,"minecraft:iron_hoe":1,"minecraft:stick":24,"minecraft:iron_ingot":31,"minecraft:iron_pickaxe":1,"minecraft:stone_pickaxe":2,"minecraft:wooden_axe":2,"minecraft:stone_sword":1,"minecraft:chest":2,"minecraft:iron_shovel":2,"minecraft:white_bed":3,"minecraft:spruce_boat":1,"minecraft:torch":28},"minecraft:used":{"minecraft:cooked_mutton":19,"minecraft:wheat_seeds":35,"minecraft:diorite":3,"minecraft:stone_sword":76,"minecraft:iron_shovel":360,"minecraft:stone_pickaxe":248,"minecraft:spruce_slab":1,"minecraft:stone_shovel":420,"minecraft:oak_planks":2,"minecraft:chest":2,"minecraft:spruce_planks":31,"minecraft:wooden_pickaxe":12,"minecraft:shield":5,"minecraft:iron_sword":34,"minecraft:cooked_chicken":2,"minecraft:rotten_flesh":1,"minecraft:torch":14,"minecraft:dirt":122,"minecraft:crafting_table":10,"minecraft:white_bed":3,"minecraft:golden_chestplate":1,"minecraft:granite":3,"minecraft:glass":25,"minecraft:iron_hoe":41,"minecraft:spruce_boat":2,"minecraft:wooden_axe":85,"minecraft:iron_axe":11,"minecraft:iron_pickaxe":65,"minecraft:stone_axe":105,"minecraft:cobblestone":41,"minecraft:furnace":3,"minecraft:cooked_porkchop":8,"minecraft:andesite":3,"minecraft:bone_meal":9},"minecraft:broken":{"minecraft:stone_pickaxe":1,"minecraft:iron_shovel":1,"minecraft:stone_axe":1,"minecraft:wooden_axe":1,"minecraft:stone_shovel":3},"minecraft:killed_by":{"man:managgresive":2,"minecraft:player":1,"minecraft:skeleton":1,"minecraft:spider":1,"skinstalker:skinstalker":1,"creation:creation":1},"minecraft:custom":{"minecraft:interact_with_furnace":39,"minecraft:mob_kills":60,"minecraft:interact_with_crafting_table":49,"minecraft:leave_game":25,"minecraft:time_since_death":622,"minecraft:sleep_in_bed":5,"minecraft:time_since_rest":682,"minecraft:sprint_one_cm":596351,"minecraft:damage_taken":3646,"minecraft:walk_one_cm":332890,"minecraft:damage_blocked_by_shield":310,"minecraft:drop":4,"minecraft:damage_dealt":8729,"minecraft:player_kills":2,"minecraft:swim_one_cm":32105,"minecraft:fly_one_cm":849195,"minecraft:open_chest":163,"minecraft:crouch_one_cm":27840,"minecraft:play_time":180664,"minecraft:deaths":9,"minecraft:sneak_time":9465,"minecraft:walk_under_water_one_cm":4294,"minecraft:boat_one_cm":100187,"minecraft:jump":3434,"minecraft:walk_on_water_one_cm":19711,"minecraft:total_world_time":180664,"minecraft:fall_one_cm":76288},"minecraft:picked_up":{"minecraft:crafting_table":7,"minecraft:wheat":5,"minecraft:chicken":2,"minecraft:andesite":3,"minecraft:leather":2,"minecraft:oak_log":15,"minecraft:gunpowder":3,"minecraft:dirt":815,"minecraft:string":5,"minecraft:raw_copper":5,"minecraft:bone":9,"minecraft:wheat_seeds":44,"minecraft:cobbled_deepslate":10,"minecraft:spruce_planks":7,"minecraft:beef":7,"minecraft:cooked_chicken":1,"minecraft:redstone_torch":2,"minecraft:spruce_slab":1,"minecraft:light_gray_wool":1,"minecraft:oak_planks":2,"minecraft:furnace":2,"minecraft:egg":1,"minecraft:stick":16,"minecraft:raw_iron":30,"minecraft:torch":2,"minecraft:porkchop":8,"minecraft:spruce_sapling":8,"minecraft:diorite":3,"minecraft:spruce_log":94,"minecraft:spider_eye":2,"minecraft:arrow":6,"minecraft:rotten_flesh":13,"minecraft:spruce_boat":2,"minecraft:granite":12,"minecraft:oak_sapling":6,"minecraft:mutton":19,"minecraft:coal":105,"minecraft:white_wool":11,"minecraft:cobblestone":95},"minecraft:killed":{"endofherobrine:silverfish":10,"minecraft:pig":4,"minecraft:spider":5,"minecraft:creeper":2,"minecraft:horse":1,"minecraft:skeleton":11,"minecraft:sheep":12,"minecraft:zombie":10,"minecraft:chicken":2,"minecraft:cow":3},"minecraft:dropped":{"minecraft:raw_iron":8,"minecraft:rotten_flesh":2,"minecraft:stick":2}},"DataVersion":3120}