{"stats":{"minecraft:broken":{"minecraft:iron_shovel":3,"minecraft:stone_pickaxe":1,"minecraft:iron_axe":1,"minecraft:stone_axe":1,"minecraft:iron_sword":1,"minecraft:wooden_axe":1,"minecraft:stone_shovel":3},"minecraft:used":{"minecraft:oak_fence":11,"minecraft:oak_trapdoor":1,"minecraft:stone_sword":76,"minecraft:enchanting_table":1,"minecraft:iron_shovel":778,"minecraft:spruce_slab":1,"minecraft:stone_shovel":420,"minecraft:ladder":128,"minecraft:chest":5,"minecraft:spruce_planks":31,"minecraft:shield":48,"minecraft:iron_sword":264,"minecraft:cooked_chicken":5,"minecraft:rotten_flesh":1,"minecraft:netherrack":5,"minecraft:oak_door":4,"minecraft:torch":224,"minecraft:dirt":299,"minecraft:diamond_helmet":1,"minecraft:golden_chestplate":1,"minecraft:tuff":51,"minecraft:granite":3,"minecraft:oak_fence_gate":1,"minecraft:obsidian":4,"minecraft:glass":25,"minecraft:spruce_boat":2,"minecraft:iron_hoe":96,"minecraft:wooden_axe":85,"minecraft:lava_bucket":4,"minecraft:iron_axe":280,"minecraft:oak_stairs":4,"minecraft:oak_sapling":45,"minecraft:furnace":6,"minecraft:egg":1,"minecraft:cooked_beef":6,"minecraft:cobbled_deepslate":709,"minecraft:wheat_seeds":156,"minecraft:cooked_mutton":25,"minecraft:water_bucket":296,"minecraft:diorite":3,"minecraft:cobblestone_stairs":15,"minecraft:oak_planks":439,"minecraft:stone_pickaxe":248,"minecraft:wooden_pickaxe":12,"minecraft:diamond_axe":1635,"travelersbackpack:coal":4,"minecraft:oak_slab":1,"minecraft:crafting_table":19,"minecraft:white_bed":5,"justhammers:iron_hammer":90,"minecraft:oak_log":85,"minecraft:diamond_pickaxe":391,"minecraft:apple":17,"minecraft:diamond_shovel":14,"minecraft:iron_pickaxe":203,"minecraft:bread":54,"minecraft:gravel":12,"minecraft:stone_axe":105,"minecraft:cobblestone":99,"minecraft:cooked_porkchop":12,"minecraft:andesite":3,"minecraft:bucket":306,"minecraft:yellow_bed":5,"minecraft:oak_boat":5,"minecraft:diamond_leggings":1,"minecraft:bone_meal":9},"minecraft:killed":{"endofherobrine:silverfish":12,"minecraft:spider":9,"minecraft:skeleton":22,"minecraft:horse":1,"minecraft:chicken":2,"minecraft:pig":11,"minecraft:creeper":6,"minecraft:sheep":17,"minecraft:zombie":19,"endofherobrine:cow":1,"minecraft:cow":12},"minecraft:custom":{"minecraft:mob_kills":117,"minecraft:interact_with_crafting_table":126,"minecraft:bell_ring":3,"minecraft:leave_game":41,"minecraft:time_since_death":126026,"minecraft:climb_one_cm":102446,"minecraft:sprint_one_cm":1884260,"minecraft:damage_blocked_by_shield":1640,"minecraft:walk_one_cm":1614778,"minecraft:drop":73,"minecraft:talked_to_villager":29,"minecraft:play_time":725833,"minecraft:deaths":13,"minecraft:sneak_time":30741,"minecraft:walk_under_water_one_cm":54558,"minecraft:boat_one_cm":308510,"minecraft:jump":9448,"minecraft:walk_on_water_one_cm":52248,"minecraft:enchant_item":1,"minecraft:total_world_time":725833,"minecraft:interact_with_furnace":130,"minecraft:traded_with_villager":61,"minecraft:sleep_in_bed":23,"minecraft:time_since_rest":25458,"minecraft:damage_taken":6956,"minecraft:damage_dealt":23053,"minecraft:player_kills":2,"minecraft:swim_one_cm":77044,"minecraft:fly_one_cm":2373598,"minecraft:open_chest":241,"minecraft:crouch_one_cm":81203,"minecraft:fall_one_cm":199129},"minecraft:killed_by":{"minecraft:player":1,"minecraft:spider":1,"goatman:goatman":2,"creation:creation":2,"man:managgresive":2,"minecraft:skeleton":1,"skinstalker:skinstalker":2},"minecraft:dropped":{"minecraft:wheat_seeds":64,"minecraft:lilac":1,"minecraft:diamond":5,"minecraft:crafting_table":1,"minecraft:iron_helmet":2,"minecraft:cobblestone":4,"minecraft:leather":6,"minecraft:granite":6,"minecraft:stick":4,"minecraft:dirt":50,"minecraft:rose_bush":2,"minecraft:string":1,"minecraft:bone":1,"minecraft:cobbled_deepslate":1085,"minecraft:raw_copper":5,"minecraft:tuff":65,"minecraft:wheat":4,"minecraft:raw_iron":11,"minecraft:rotten_flesh":9,"minecraft:iron_boots":1,"minecraft:stripped_oak_log":1,"justhammers:iron_hammer":2,"minecraft:hay_block":9,"minecraft:peony":1,"minecraft:iron_chestplate":1,"minecraft:charcoal":1,"minecraft:oak_sapling":262,"minecraft:arrow":1,"minecraft:glass":15,"minecraft:cartography_table":1},"minecraft:picked_up":{"minecraft:charcoal":25,"minecraft:crafting_table":15,"minecraft:wheat":129,"minecraft:chicken":2,"minecraft:gold_block":1,"minecraft:brewing_stand":1,"minecraft:string":6,"minecraft:raw_copper":5,"minecraft:cartography_table":1,"minecraft:cobbled_deepslate":2318,"minecraft:spruce_planks":11,"minecraft:beef":23,"minecraft:oak_boat":5,"minecraft:rose_bush":2,"minecraft:redstone_torch":2,"minecraft:light_gray_wool":1,"minecraft:spruce_slab":1,"minecraft:furnace":5,"minecraft:egg":2,"minecraft:stick":385,"minecraft:raw_iron":42,"minecraft:oak_door":2,"minecraft:oak_fence":1,"minecraft:torch":29,"minecraft:porkchop":26,"minecraft:diorite":6,"minecraft:redstone":61,"minecraft:arrow":15,"minecraft:rotten_flesh":25,"minecraft:peony":1,"minecraft:hay_block":18,"minecraft:obsidian":9,"minecraft:mutton":27,"minecraft:white_wool":16,"minecraft:cobblestone":348,"minecraft:stripped_oak_log":1,"minecraft:magma_block":1,"minecraft:lilac":3,"minecraft:andesite":3,"minecraft:leather":11,"minecraft:flint":2,"minecraft:tuff":129,"minecraft:oak_log":1592,"minecraft:yellow_bed":5,"minecraft:gunpowder":4,"minecraft:cobblestone_stairs":3,"minecraft:lapis_lazuli":168,"minecraft:dirt":1230,"minecraft:glass":15,"minecraft:bone":12,"minecraft:apple":55,"minecraft:wheat_seeds":515,"minecraft:raw_gold":11,"minecraft:cooked_chicken":1,"minecraft:oak_planks":136,"minecraft:oak_slab":3,"minecraft:gravel":12,"justhammers:iron_hammer":1,"minecraft:sand":99,"minecraft:spruce_sapling":8,"minecraft:white_bed":2,"minecraft:spruce_log":94,"minecraft:spider_eye":2,"minecraft:diamond":47,"minecraft:spruce_boat":2,"minecraft:iron_helmet":1,"minecraft:granite":21,"minecraft:oak_sapling":518,"minecraft:netherrack":11,"minecraft:coal":108},"minecraft:mined":{"minecraft:tuff":15,"minecraft:spruce_planks":11,"minecraft:white_bed":2,"minecraft:farmland":1,"minecraft:deepslate_diamond_ore":33,"minecraft:sculk_vein":2,"minecraft:cobblestone_stairs":3,"minecraft:sea_lantern":2,"minecraft:brewing_stand":1,"minecraft:obsidian":9,"minecraft:granite":21,"minecraft:grass_block":679,"minecraft:spruce_leaves":20,"minecraft:large_fern":4,"minecraft:hay_block":18,"minecraft:magma_block":1,"minecraft:furnace":5,"minecraft:iron_ore":31,"minecraft:fire":3,"minecraft:cobbled_deepslate":60,"minecraft:andesite":9,"minecraft:deepslate_lapis_ore":21,"minecraft:peony":1,"minecraft:gold_block":1,"minecraft:deepslate_iron_ore":8,"minecraft:stripped_oak_log":1,"minecraft:stone":244,"minecraft:spruce_slab":1,"minecraft:redstone_wall_torch":1,"minecraft:oak_slab":1,"minecraft:glass_pane":1,"minecraft:oak_fence":1,"minecraft:crafting_table":15,"minecraft:torch":2,"minecraft:rose_bush":1,"endofherobrine:glowing_obsidian":1,"minecraft:copper_ore":3,"minecraft:tall_grass":63,"minecraft:cobblestone":27,"minecraft:deepslate_gold_ore":2,"minecraft:oak_planks":16,"endofherobrine:mossy_stone_bricks":18,"minecraft:sculk":1,"minecraft:diorite":6,"minecraft:wall_torch":10,"minecraft:wheat":127,"minecraft:lilac":3,"minecraft:spruce_log":96,"minecraft:yellow_bed":5,"minecraft:grass":412,"minecraft:oak_log":1426,"minecraft:coal_ore":65,"minecraft:gravel":14,"minecraft:sand":99,"minecraft:dirt":447,"minecraft:cracked_stone_bricks":16,"minecraft:netherrack":12,"minecraft:oak_leaves":111,"minecraft:deepslate":151,"minecraft:fern":1},"minecraft:crafted":{"minecraft:wooden_sword":1,"minecraft:oak_door":3,"minecraft:oak_planks":1964,"minecraft:stone_shovel":3,"minecraft:cooked_chicken":4,"minecraft:furnace":2,"minecraft:cobblestone_stairs":20,"minecraft:bone_meal":9,"minecraft:diamond_shovel":1,"minecraft:cooked_mutton":25,"minecraft:oak_trapdoor":2,"minecraft:glass":44,"travelersbackpack:white_sleeping_bag":1,"minecraft:diamond_helmet":1,"minecraft:diamond_leggings":1,"minecraft:iron_boots":1,"minecraft:iron_axe":1,"minecraft:iron_hoe":1,"minecraft:ladder":138,"minecraft:spruce_slab":6,"minecraft:stone_pickaxe":2,"minecraft:chest":6,"minecraft:diamond_boots":1,"minecraft:spruce_boat":1,"minecraft:oak_fence":15,"minecraft:wheat":81,"minecraft:cooked_beef":12,"travelersbackpack:coal":1,"minecraft:emerald":61,"minecraft:cooked_porkchop":13,"minecraft:diamond_axe":1,"minecraft:crafting_table":6,"minecraft:spruce_planks":376,"minecraft:enchanting_table":1,"travelersbackpack:standard":1,"travelersbackpack:backpack_tank":2,"minecraft:wooden_pickaxe":1,"minecraft:iron_helmet":1,"minecraft:iron_sword":1,"minecraft:fletching_table":1,"minecraft:bucket":1,"minecraft:stone_axe":1,"minecraft:bread":68,"minecraft:air":0,"minecraft:oak_fence_gate":1,"minecraft:oak_boat":2,"justhammers:iron_hammer":1,"minecraft:book":1,"minecraft:white_wool":1,"minecraft:iron_chestplate":1,"minecraft:paper":3,"minecraft:charcoal":83,"minecraft:diamond_pickaxe":1,"minecraft:shield":1,"minecraft:stick":2564,"minecraft:iron_ingot":40,"minecraft:iron_pickaxe":1,"minecraft:oak_stairs":4,"minecraft:wooden_axe":2,"minecraft:stone_sword":1,"minecraft:iron_shovel":3,"minecraft:gold_ingot":20,"minecraft:white_bed":3,"minecraft:torch":220,"minecraft:diamond_chestplate":1}},"DataVersion":3120}