{"stats":{"minecraft:custom":{"minecraft:interact_with_crafting_table":177,"minecraft:bell_ring":51,"minecraft:leave_game":58,"minecraft:time_since_death":259765,"minecraft:sprint_one_cm":3080053,"minecraft:damage_blocked_by_shield":7130,"minecraft:drop":223,"minecraft:talked_to_villager":181,"minecraft:play_time":1501904,"minecraft:deaths":15,"minecraft:jump":20038,"minecraft:walk_on_water_one_cm":85494,"minecraft:enchant_item":1,"minecraft:interact_with_furnace":221,"minecraft:traded_with_villager":561,"minecraft:sleep_in_bed":63,"minecraft:damage_dealt":46937,"minecraft:player_kills":2,"minecraft:crouch_one_cm":179345,"minecraft:horse_one_cm":36631,"minecraft:interact_with_anvil":3,"minecraft:mob_kills":144,"minecraft:climb_one_cm":167154,"minecraft:walk_one_cm":3382284,"minecraft:sneak_time":57532,"minecraft:walk_under_water_one_cm":79008,"minecraft:boat_one_cm":923089,"minecraft:total_world_time":1501904,"minecraft:interact_with_grindstone":3,"minecraft:time_since_rest":70520,"minecraft:damage_taken":11568,"minecraft:swim_one_cm":122768,"minecraft:fly_one_cm":4908682,"minecraft:open_chest":466,"minecraft:fall_one_cm":331672},"minecraft:dropped":{"minecraft:oak_log":6,"minecraft:diamond":12,"minecraft:crafting_table":1,"minecraft:leather":6,"minecraft:dirt":51,"minecraft:birch_log":6,"minecraft:bone":2,"minecraft:gravel":12,"minecraft:white_tulip":1,"minecraft:cobbled_deepslate":2380,"minecraft:birch_sapling":1,"minecraft:wheat":6,"minecraft:rotten_flesh":12,"minecraft:oak_planks":2,"justhammers:iron_hammer":5,"minecraft:poppy":2,"minecraft:charcoal":29,"minecraft:glass":15,"minecraft:arrow":3,"minecraft:cartography_table":1,"minecraft:bread":85,"justhammers:diamond_hammer":6,"minecraft:wheat_seeds":75,"minecraft:lilac":1,"minecraft:iron_helmet":2,"minecraft:cobblestone":45,"minecraft:granite":8,"minecraft:stick":4,"minecraft:torch":6,"minecraft:rose_bush":3,"minecraft:string":5,"minecraft:raw_copper":5,"minecraft:tuff":308,"minecraft:raw_iron":11,"minecraft:iron_boots":1,"minecraft:stripped_oak_log":1,"minecraft:hay_block":9,"man:tearoftheman":1,"minecraft:peony":1,"minecraft:iron_chestplate":1,"minecraft:oak_sapling":679,"minecraft:spider_eye":2},"minecraft:crafted":{"minecraft:oak_planks":6979,"minecraft:smooth_stone":3,"minecraft:cobblestone_slab":6,"minecraft:oak_sign":18,"minecraft:cooked_chicken":4,"minecraft:stone":3,"minecraft:cobblestone_stairs":20,"minecraft:diamond_shovel":1,"minecraft:cooked_mutton":25,"minecraft:glass":162,"minecraft:diamond_helmet":3,"minecraft:bow":1,"minecraft:diamond_leggings":2,"minecraft:iron_boots":13,"justhammers:diamond_hammer":6,"minecraft:chest":34,"minecraft:stone_hoe":9,"minecraft:oak_fence":63,"minecraft:golden_boots":1,"travelersbackpack:coal":1,"minecraft:arrow":64,"minecraft:emerald":426,"minecraft:cooked_porkchop":14,"minecraft:diamond_axe":2,"minecraft:crafting_table":10,"minecraft:spruce_planks":376,"travelersbackpack:standard":1,"minecraft:wooden_pickaxe":1,"minecraft:iron_helmet":1,"minecraft:fletching_table":1,"minecraft:diamond_pickaxe":2,"minecraft:iron_chestplate":1,"minecraft:book":1,"minecraft:paper":3,"minecraft:charcoal":182,"minecraft:shield":3,"minecraft:stick":12704,"minecraft:iron_ingot":206,"minecraft:iron_pickaxe":2,"minecraft:iron_block":3,"minecraft:stone_sword":1,"minecraft:gold_ingot":24,"minecraft:wooden_sword":1,"minecraft:oak_door":3,"minecraft:raw_iron":18,"minecraft:stone_shovel":3,"minecraft:furnace":3,"minecraft:blast_furnace":1,"minecraft:bone_meal":9,"minecraft:oak_trapdoor":4,"minecraft:flint_and_steel":1,"travelersbackpack:white_sleeping_bag":1,"minecraft:iron_axe":1,"minecraft:ladder":138,"minecraft:iron_hoe":1,"minecraft:spruce_slab":6,"minecraft:stone_pickaxe":14,"minecraft:diamond_boots":2,"minecraft:spruce_boat":1,"minecraft:wheat":81,"minecraft:cooked_beef":12,"minecraft:enchanting_table":1,"travelersbackpack:backpack_tank":2,"minecraft:iron_sword":2,"minecraft:bucket":1,"minecraft:stone_axe":19,"minecraft:air":0,"minecraft:bread":273,"minecraft:oak_fence_gate":3,"minecraft:oak_boat":2,"justhammers:iron_hammer":3,"minecraft:white_wool":1,"minecraft:chainmail_boots":34,"minecraft:oak_stairs":4,"minecraft:wooden_axe":2,"minecraft:iron_shovel":11,"minecraft:anvil":1,"minecraft:white_bed":4,"minecraft:torch":248,"minecraft:diamond_chestplate":3},"minecraft:picked_up":{"minecraft:wheat":174,"minecraft:brewing_stand":1,"minecraft:string":14,"minecraft:raw_copper":5,"minecraft:oak_sign":3,"minecraft:cobbled_deepslate":4543,"minecraft:spruce_planks":30,"minecraft:white_tulip":1,"minecraft:redstone_torch":2,"minecraft:rose_bush":3,"minecraft:furnace":5,"minecraft:stick":768,"minecraft:oak_fence":1,"minecraft:torch":37,"minecraft:porkchop":26,"minecraft:diorite":6,"minecraft:rotten_flesh":30,"minecraft:obsidian":9,"minecraft:cobblestone":415,"minecraft:birch_log":6,"minecraft:magma_block":1,"minecraft:lilac":3,"minecraft:andesite":3,"minecraft:flint":3,"minecraft:tuff":381,"minecraft:lapis_lazuli":282,"minecraft:dirt":1406,"minecraft:glass":15,"minecraft:bone":15,"minecraft:wheat_seeds":642,"minecraft:raw_gold":66,"minecraft:grindstone":1,"minecraft:oak_planks":290,"justhammers:iron_hammer":2,"minecraft:sand":135,"man:tearoftheman":1,"minecraft:diamond":141,"minecraft:spruce_boat":4,"minecraft:granite":23,"minecraft:emerald":121,"minecraft:oak_sapling":1059,"minecraft:netherrack":11,"minecraft:crafting_table":23,"minecraft:charcoal":53,"minecraft:chicken":2,"minecraft:ladder":3,"minecraft:gold_block":1,"minecraft:oak_trapdoor":2,"minecraft:cartography_table":1,"minecraft:beef":23,"minecraft:oak_boat":9,"minecraft:poppy":2,"minecraft:light_gray_wool":1,"minecraft:spruce_slab":12,"minecraft:chest":6,"minecraft:birch_sapling":1,"minecraft:egg":5,"minecraft:raw_iron":212,"minecraft:oak_door":6,"minecraft:redstone":186,"minecraft:arrow":18,"minecraft:peony":1,"minecraft:hay_block":18,"minecraft:mutton":27,"minecraft:white_wool":16,"minecraft:stripped_oak_log":2,"minecraft:leather":11,"minecraft:oak_log":3493,"minecraft:yellow_bed":5,"minecraft:gunpowder":5,"minecraft:cobblestone_stairs":8,"minecraft:apple":136,"minecraft:iron_ingot":10,"minecraft:oak_fence_gate":2,"minecraft:cooked_chicken":1,"minecraft:soul_sand":7,"minecraft:oak_slab":3,"minecraft:smooth_basalt":5,"minecraft:raw_iron_block":2,"minecraft:gravel":28,"minecraft:spruce_sapling":8,"minecraft:white_bed":8,"minecraft:spruce_log":94,"minecraft:spider_eye":5,"minecraft:iron_helmet":1,"minecraft:coal":111},"minecraft:killed":{"endofherobrine:silverfish":12,"minecraft:spider":16,"minecraft:skeleton":27,"minecraft:chicken":2,"minecraft:pig":11,"man:managgresive":1,"minecraft:creeper":9,"minecraft:sheep":17,"minecraft:zombie":24,"minecraft:ghast":1,"endofherobrine:cow":1,"minecraft:cow":12,"creation:creation":1,"minecraft:horse":1,"minecraft:drowned":1,"man:manfromthefog":1,"minecraft:enderman":2},"minecraft:mined":{"minecraft:spruce_planks":30,"minecraft:white_bed":6,"minecraft:farmland":1,"minecraft:cobblestone_stairs":8,"minecraft:sculk_vein":2,"minecraft:brewing_stand":1,"minecraft:obsidian":9,"minecraft:granite":23,"minecraft:grass_block":778,"minecraft:oak_wall_sign":3,"minecraft:tall_seagrass":1,"minecraft:magma_block":1,"minecraft:iron_ore":31,"minecraft:cobbled_deepslate":103,"minecraft:fire":4,"minecraft:deepslate_lapis_ore":21,"minecraft:spruce_slab":11,"minecraft:soul_fire":17,"minecraft:torch":3,"minecraft:chest":6,"minecraft:glass":11,"minecraft:cobblestone":89,"minecraft:grindstone":1,"minecraft:oak_planks":97,"minecraft:wall_torch":12,"minecraft:amethyst_block":1,"minecraft:birch_log":6,"minecraft:wheat":171,"minecraft:lilac":3,"minecraft:grass":452,"minecraft:oak_log":3231,"minecraft:oak_fence_gate":2,"minecraft:sand":137,"minecraft:dirt":540,"minecraft:netherrack":12,"minecraft:oak_leaves":247,"minecraft:deepslate":213,"minecraft:tuff":18,"minecraft:deepslate_diamond_ore":34,"minecraft:oak_door":3,"minecraft:sea_lantern":2,"minecraft:ladder":3,"minecraft:spruce_leaves":20,"minecraft:large_fern":4,"minecraft:hay_block":18,"minecraft:oak_trapdoor":3,"minecraft:furnace":5,"minecraft:andesite":9,"minecraft:peony":1,"minecraft:gold_block":1,"minecraft:deepslate_iron_ore":16,"minecraft:stripped_oak_log":2,"minecraft:stone":246,"minecraft:white_tulip":1,"minecraft:redstone_wall_torch":1,"minecraft:smithing_table":1,"minecraft:oak_slab":1,"minecraft:glass_pane":2,"minecraft:oak_fence":1,"minecraft:crafting_table":23,"minecraft:rose_bush":2,"endofherobrine:glowing_obsidian":1,"minecraft:tall_grass":76,"minecraft:copper_ore":3,"minecraft:deepslate_gold_ore":2,"endofherobrine:mossy_stone_bricks":18,"minecraft:sculk":1,"minecraft:diorite":6,"minecraft:spruce_log":96,"minecraft:yellow_bed":5,"minecraft:coal_ore":65,"minecraft:gravel":42,"minecraft:cracked_stone_bricks":16,"minecraft:fern":1},"minecraft:killed_by":{"minecraft:ghast":1,"creation:creation":2,"man:managgresive":2,"minecraft:player":1,"minecraft:spider":1,"goatman:goatman":2,"minecraft:skeleton":1,"skinstalker:skinstalker":2},"minecraft:broken":{"minecraft:iron_shovel":3,"minecraft:diamond_helmet":1,"minecraft:stone_pickaxe":1,"minecraft:stone_axe":6,"minecraft:iron_sword":1,"minecraft:wooden_axe":1,"minecraft:stone_shovel":3,"minecraft:shield":2,"minecraft:diamond_axe":2,"minecraft:iron_axe":1},"minecraft:used":{"minecraft:iron_shovel":779,"minecraft:spruce_slab":11,"minecraft:oak_sign":18,"minecraft:ladder":128,"minecraft:chest":39,"minecraft:shield":190,"minecraft:iron_sword":497,"minecraft:rotten_flesh":1,"minecraft:tuff":51,"minecraft:obsidian":4,"minecraft:spruce_boat":4,"minecraft:glass":57,"minecraft:lava_bucket":5,"minecraft:bow":29,"minecraft:furnace":6,"minecraft:oak_sapling":48,"minecraft:egg":4,"minecraft:diorite":3,"minecraft:diamond_boots":1,"minecraft:spruce_door":2,"minecraft:stone_pickaxe":248,"minecraft:oak_planks":609,"minecraft:wooden_pickaxe":12,"minecraft:diamond_axe":3373,"minecraft:blast_furnace":1,"minecraft:bread":111,"minecraft:gravel":16,"minecraft:grindstone":1,"minecraft:andesite":3,"minecraft:oak_boat":9,"minecraft:bone_meal":9,"minecraft:oak_fence":58,"minecraft:oak_trapdoor":4,"minecraft:enchanting_table":1,"minecraft:stone_sword":76,"minecraft:flint_and_steel":1,"minecraft:stone_shovel":420,"minecraft:spruce_planks":33,"minecraft:cooked_chicken":5,"minecraft:netherrack":5,"minecraft:oak_door":8,"minecraft:torch":264,"minecraft:dirt":485,"minecraft:anvil":1,"minecraft:diamond_helmet":2,"minecraft:golden_chestplate":1,"minecraft:granite":3,"minecraft:oak_fence_gate":5,"minecraft:iron_hoe":96,"minecraft:wooden_axe":85,"minecraft:iron_axe":280,"minecraft:oak_stairs":4,"minecraft:cooked_beef":12,"minecraft:cobbled_deepslate":1335,"minecraft:wheat_seeds":199,"minecraft:cooked_mutton":25,"minecraft:water_bucket":308,"minecraft:cobblestone_stairs":26,"minecraft:birch_planks":31,"travelersbackpack:coal":5,"minecraft:cobblestone_slab":6,"minecraft:oak_slab":1,"minecraft:crafting_table":31,"justhammers:diamond_hammer":2535,"minecraft:white_bed":12,"justhammers:iron_hammer":260,"minecraft:oak_log":774,"minecraft:diamond_pickaxe":574,"minecraft:apple":102,"minecraft:diamond_shovel":253,"minecraft:iron_pickaxe":203,"minecraft:stone_axe":876,"minecraft:cobblestone":154,"minecraft:cooked_porkchop":12,"minecraft:bucket":320,"minecraft:yellow_bed":5,"minecraft:diamond_leggings":1}},"DataVersion":3120}