{"stats":{"minecraft:custom":{"minecraft:interact_with_crafting_table":160,"minecraft:bell_ring":20,"minecraft:leave_game":54,"minecraft:time_since_death":142076,"minecraft:sprint_one_cm":2794064,"minecraft:damage_blocked_by_shield":5360,"minecraft:drop":161,"minecraft:talked_to_villager":70,"minecraft:play_time":1209866,"minecraft:deaths":14,"minecraft:jump":13823,"minecraft:walk_on_water_one_cm":68522,"minecraft:enchant_item":1,"minecraft:interact_with_furnace":205,"minecraft:traded_with_villager":222,"minecraft:sleep_in_bed":53,"minecraft:damage_dealt":40236,"minecraft:player_kills":2,"minecraft:crouch_one_cm":174709,"minecraft:mob_kills":136,"minecraft:climb_one_cm":144553,"minecraft:walk_one_cm":2775610,"minecraft:sneak_time":54480,"minecraft:walk_under_water_one_cm":71794,"minecraft:boat_one_cm":650856,"minecraft:total_world_time":1209866,"minecraft:time_since_rest":12762,"minecraft:damage_taken":10229,"minecraft:swim_one_cm":100515,"minecraft:fly_one_cm":3866332,"minecraft:open_chest":415,"minecraft:fall_one_cm":306491},"minecraft:dropped":{"minecraft:oak_log":6,"minecraft:diamond":12,"minecraft:crafting_table":1,"minecraft:leather":6,"minecraft:dirt":50,"minecraft:birch_log":6,"minecraft:bone":2,"minecraft:gravel":12,"minecraft:white_tulip":1,"minecraft:cobbled_deepslate":1248,"minecraft:birch_sapling":1,"minecraft:wheat":6,"minecraft:rotten_flesh":11,"justhammers:iron_hammer":2,"minecraft:charcoal":1,"minecraft:glass":15,"minecraft:arrow":3,"minecraft:cartography_table":1,"minecraft:bread":74,"justhammers:diamond_hammer":1,"minecraft:wheat_seeds":75,"minecraft:lilac":1,"minecraft:iron_helmet":2,"minecraft:cobblestone":45,"minecraft:granite":8,"minecraft:stick":4,"minecraft:torch":2,"minecraft:rose_bush":3,"minecraft:string":5,"minecraft:raw_copper":5,"minecraft:tuff":145,"minecraft:raw_iron":11,"minecraft:iron_boots":1,"minecraft:stripped_oak_log":1,"minecraft:hay_block":9,"minecraft:peony":1,"minecraft:iron_chestplate":1,"minecraft:oak_sapling":592,"minecraft:spider_eye":2},"minecraft:crafted":{"minecraft:oak_planks":4099,"minecraft:cobblestone_slab":6,"minecraft:oak_sign":18,"minecraft:cooked_chicken":4,"minecraft:cobblestone_stairs":20,"minecraft:diamond_shovel":1,"minecraft:cooked_mutton":25,"minecraft:glass":162,"minecraft:diamond_helmet":1,"minecraft:bow":1,"minecraft:diamond_leggings":1,"minecraft:iron_boots":1,"justhammers:diamond_hammer":1,"minecraft:chest":26,"minecraft:oak_fence":63,"minecraft:golden_boots":1,"travelersbackpack:coal":1,"minecraft:arrow":64,"minecraft:emerald":195,"minecraft:cooked_porkchop":13,"minecraft:diamond_axe":2,"minecraft:crafting_table":10,"minecraft:spruce_planks":376,"minecraft:wooden_pickaxe":1,"travelersbackpack:standard":1,"minecraft:iron_helmet":1,"minecraft:fletching_table":1,"minecraft:diamond_pickaxe":2,"minecraft:iron_chestplate":1,"minecraft:book":1,"minecraft:paper":3,"minecraft:charcoal":182,"minecraft:shield":3,"minecraft:stick":6438,"minecraft:iron_pickaxe":2,"minecraft:iron_ingot":206,"minecraft:iron_block":3,"minecraft:stone_sword":1,"minecraft:gold_ingot":24,"minecraft:wooden_sword":1,"minecraft:oak_door":3,"minecraft:raw_iron":18,"minecraft:stone_shovel":3,"minecraft:furnace":2,"minecraft:bone_meal":9,"minecraft:oak_trapdoor":2,"minecraft:flint_and_steel":1,"travelersbackpack:white_sleeping_bag":1,"minecraft:iron_axe":1,"minecraft:ladder":138,"minecraft:iron_hoe":1,"minecraft:spruce_slab":6,"minecraft:stone_pickaxe":2,"minecraft:diamond_boots":1,"minecraft:spruce_boat":1,"minecraft:wheat":81,"minecraft:cooked_beef":12,"minecraft:enchanting_table":1,"travelersbackpack:backpack_tank":2,"minecraft:iron_sword":2,"minecraft:bucket":1,"minecraft:stone_axe":7,"minecraft:air":0,"minecraft:bread":177,"minecraft:oak_fence_gate":3,"minecraft:oak_boat":2,"justhammers:iron_hammer":3,"minecraft:white_wool":1,"minecraft:oak_stairs":4,"minecraft:wooden_axe":2,"minecraft:iron_shovel":3,"minecraft:anvil":1,"minecraft:white_bed":4,"minecraft:torch":248,"minecraft:diamond_chestplate":1},"minecraft:picked_up":{"minecraft:wheat":173,"minecraft:brewing_stand":1,"minecraft:string":14,"minecraft:raw_copper":5,"minecraft:oak_sign":3,"minecraft:cobbled_deepslate":2862,"minecraft:spruce_planks":30,"minecraft:white_tulip":1,"minecraft:redstone_torch":2,"minecraft:rose_bush":3,"minecraft:furnace":5,"minecraft:stick":701,"minecraft:oak_fence":1,"minecraft:torch":37,"minecraft:porkchop":26,"minecraft:diorite":6,"minecraft:rotten_flesh":29,"minecraft:obsidian":9,"minecraft:cobblestone":406,"minecraft:birch_log":6,"minecraft:magma_block":1,"minecraft:lilac":3,"minecraft:andesite":3,"minecraft:flint":3,"minecraft:tuff":209,"minecraft:dirt":1404,"minecraft:lapis_lazuli":168,"minecraft:glass":15,"minecraft:bone":14,"minecraft:wheat_seeds":640,"minecraft:raw_gold":15,"minecraft:oak_planks":256,"justhammers:iron_hammer":1,"minecraft:sand":135,"minecraft:diamond":55,"minecraft:spruce_boat":4,"minecraft:granite":23,"minecraft:emerald":47,"minecraft:oak_sapling":962,"minecraft:netherrack":11,"minecraft:crafting_table":17,"minecraft:charcoal":25,"minecraft:chicken":2,"minecraft:ladder":3,"minecraft:gold_block":1,"minecraft:oak_trapdoor":1,"minecraft:cartography_table":1,"minecraft:beef":23,"minecraft:oak_boat":7,"minecraft:light_gray_wool":1,"minecraft:spruce_slab":12,"minecraft:chest":4,"minecraft:birch_sapling":1,"minecraft:egg":4,"minecraft:raw_iron":197,"minecraft:oak_door":4,"minecraft:redstone":101,"minecraft:arrow":16,"minecraft:peony":1,"minecraft:hay_block":18,"minecraft:mutton":27,"minecraft:white_wool":16,"minecraft:stripped_oak_log":2,"minecraft:leather":11,"minecraft:oak_log":3316,"minecraft:yellow_bed":5,"minecraft:gunpowder":4,"minecraft:cobblestone_stairs":8,"minecraft:apple":120,"minecraft:oak_fence_gate":2,"minecraft:cooked_chicken":1,"minecraft:soul_sand":7,"minecraft:oak_slab":3,"minecraft:raw_iron_block":2,"minecraft:gravel":28,"minecraft:spruce_sapling":8,"minecraft:white_bed":7,"minecraft:spruce_log":94,"minecraft:spider_eye":5,"minecraft:iron_helmet":1,"minecraft:coal":111},"minecraft:killed":{"endofherobrine:silverfish":12,"minecraft:spider":16,"minecraft:skeleton":25,"minecraft:chicken":2,"minecraft:pig":11,"minecraft:creeper":7,"minecraft:sheep":17,"minecraft:zombie":23,"minecraft:ghast":1,"endofherobrine:cow":1,"minecraft:cow":12,"creation:creation":1,"minecraft:horse":1,"man:manfromthefog":1,"minecraft:enderman":2},"minecraft:mined":{"minecraft:spruce_planks":30,"minecraft:white_bed":6,"minecraft:farmland":1,"minecraft:cobblestone_stairs":8,"minecraft:sculk_vein":2,"minecraft:brewing_stand":1,"minecraft:obsidian":9,"minecraft:granite":23,"minecraft:grass_block":777,"minecraft:oak_wall_sign":3,"minecraft:magma_block":1,"minecraft:iron_ore":31,"minecraft:cobbled_deepslate":93,"minecraft:fire":3,"minecraft:deepslate_lapis_ore":21,"minecraft:spruce_slab":11,"minecraft:soul_fire":17,"minecraft:torch":3,"minecraft:chest":4,"minecraft:glass":10,"minecraft:cobblestone":89,"minecraft:oak_planks":97,"minecraft:wall_torch":12,"minecraft:birch_log":6,"minecraft:wheat":170,"minecraft:lilac":3,"minecraft:grass":447,"minecraft:oak_log":3056,"minecraft:oak_fence_gate":2,"minecraft:sand":137,"minecraft:dirt":538,"minecraft:netherrack":12,"minecraft:oak_leaves":233,"minecraft:deepslate":182,"minecraft:tuff":17,"minecraft:deepslate_diamond_ore":34,"minecraft:oak_door":2,"minecraft:sea_lantern":2,"minecraft:ladder":3,"minecraft:spruce_leaves":20,"minecraft:large_fern":4,"minecraft:hay_block":18,"minecraft:oak_trapdoor":1,"minecraft:furnace":5,"minecraft:andesite":9,"minecraft:peony":1,"minecraft:gold_block":1,"minecraft:deepslate_iron_ore":16,"minecraft:stripped_oak_log":2,"minecraft:stone":246,"minecraft:white_tulip":1,"minecraft:redstone_wall_torch":1,"minecraft:smithing_table":1,"minecraft:oak_slab":1,"minecraft:glass_pane":1,"minecraft:oak_fence":1,"minecraft:crafting_table":17,"minecraft:rose_bush":2,"endofherobrine:glowing_obsidian":1,"minecraft:tall_grass":73,"minecraft:copper_ore":3,"minecraft:deepslate_gold_ore":2,"endofherobrine:mossy_stone_bricks":18,"minecraft:sculk":1,"minecraft:diorite":6,"minecraft:spruce_log":96,"minecraft:yellow_bed":5,"minecraft:coal_ore":65,"minecraft:gravel":31,"minecraft:cracked_stone_bricks":16,"minecraft:fern":1},"minecraft:killed_by":{"minecraft:ghast":1,"creation:creation":2,"man:managgresive":2,"minecraft:player":1,"minecraft:spider":1,"goatman:goatman":2,"minecraft:skeleton":1,"skinstalker:skinstalker":2},"minecraft:broken":{"minecraft:iron_shovel":3,"minecraft:stone_pickaxe":1,"minecraft:stone_axe":5,"minecraft:iron_sword":1,"minecraft:wooden_axe":1,"minecraft:stone_shovel":3,"minecraft:shield":2,"minecraft:diamond_axe":1,"minecraft:iron_axe":1},"minecraft:used":{"minecraft:iron_shovel":778,"minecraft:spruce_slab":11,"minecraft:ladder":128,"minecraft:oak_sign":18,"minecraft:chest":29,"minecraft:shield":144,"minecraft:iron_sword":388,"minecraft:rotten_flesh":1,"minecraft:tuff":51,"minecraft:obsidian":4,"minecraft:spruce_boat":4,"minecraft:glass":53,"minecraft:lava_bucket":4,"minecraft:bow":9,"minecraft:furnace":6,"minecraft:oak_sapling":48,"minecraft:egg":3,"minecraft:diorite":3,"minecraft:diamond_boots":1,"minecraft:spruce_door":2,"minecraft:stone_pickaxe":248,"minecraft:oak_planks":609,"minecraft:wooden_pickaxe":12,"minecraft:diamond_axe":3292,"minecraft:bread":109,"minecraft:gravel":16,"minecraft:andesite":3,"minecraft:oak_boat":8,"minecraft:bone_meal":9,"minecraft:oak_fence":58,"minecraft:oak_trapdoor":1,"minecraft:enchanting_table":1,"minecraft:stone_sword":76,"minecraft:flint_and_steel":1,"minecraft:stone_shovel":420,"minecraft:spruce_planks":33,"minecraft:cooked_chicken":5,"minecraft:netherrack":5,"minecraft:oak_door":6,"minecraft:torch":256,"minecraft:dirt":484,"minecraft:anvil":1,"minecraft:diamond_helmet":1,"minecraft:golden_chestplate":1,"minecraft:granite":3,"minecraft:oak_fence_gate":5,"minecraft:iron_hoe":96,"minecraft:wooden_axe":85,"minecraft:iron_axe":280,"minecraft:oak_stairs":4,"minecraft:cooked_beef":12,"minecraft:cobbled_deepslate":1107,"minecraft:wheat_seeds":198,"minecraft:cooked_mutton":25,"minecraft:water_bucket":306,"minecraft:cobblestone_stairs":26,"minecraft:birch_planks":31,"travelersbackpack:coal":5,"minecraft:cobblestone_slab":6,"minecraft:crafting_table":24,"minecraft:oak_slab":1,"justhammers:diamond_hammer":432,"minecraft:white_bed":11,"justhammers:iron_hammer":95,"minecraft:oak_log":774,"minecraft:diamond_pickaxe":550,"minecraft:apple":53,"minecraft:diamond_shovel":246,"minecraft:iron_pickaxe":203,"minecraft:stone_axe":728,"minecraft:cobblestone":154,"minecraft:cooked_porkchop":12,"minecraft:bucket":316,"minecraft:yellow_bed":5,"minecraft:diamond_leggings":1}},"DataVersion":3120}