{"stats":{"minecraft:picked_up":{"minecraft:crafting_table":6,"minecraft:chicken":1,"minecraft:leather":2,"minecraft:oak_log":15,"minecraft:dirt":405,"minecraft:bone":4,"minecraft:wheat_seeds":14,"minecraft:beef":7,"minecraft:light_gray_wool":1,"minecraft:egg":1,"minecraft:furnace":2,"minecraft:raw_iron":1,"minecraft:stick":16,"minecraft:porkchop":7,"minecraft:spruce_sapling":8,"minecraft:spruce_log":94,"minecraft:arrow":2,"minecraft:rotten_flesh":3,"minecraft:spruce_boat":2,"minecraft:oak_sapling":6,"minecraft:mutton":19,"minecraft:coal":66,"minecraft:white_wool":11,"minecraft:cobblestone":15},"minecraft:custom":{"minecraft:interact_with_furnace":12,"minecraft:mob_kills":26,"minecraft:interact_with_crafting_table":24,"minecraft:leave_game":7,"minecraft:time_since_death":26897,"minecraft:sleep_in_bed":1,"minecraft:time_since_rest":4578,"minecraft:sprint_one_cm":209024,"minecraft:damage_taken":1521,"minecraft:walk_one_cm":87576,"minecraft:drop":1,"minecraft:damage_dealt":3149,"minecraft:swim_one_cm":1918,"minecraft:fly_one_cm":273099,"minecraft:open_chest":6,"minecraft:crouch_one_cm":13573,"minecraft:play_time":52876,"minecraft:deaths":4,"minecraft:sneak_time":3106,"minecraft:walk_under_water_one_cm":2082,"minecraft:boat_one_cm":100187,"minecraft:jump":1141,"minecraft:walk_on_water_one_cm":2265,"minecraft:total_world_time":52876,"minecraft:fall_one_cm":24457},"minecraft:killed_by":{"man:managgresive":1,"minecraft:skeleton":1,"skinstalker:skinstalker":1},"minecraft:broken":{"minecraft:iron_shovel":1,"minecraft:wooden_axe":1,"minecraft:stone_shovel":1},"minecraft:killed":{"minecraft:pig":3,"minecraft:sheep":12,"minecraft:skeleton":4,"minecraft:zombie":3,"minecraft:chicken":1,"minecraft:cow":3},"minecraft:dropped":{"minecraft:stick":2},"minecraft:used":{"minecraft:cooked_mutton":2,"minecraft:iron_shovel":264,"minecraft:stone_pickaxe":30,"minecraft:stone_shovel":141,"minecraft:chest":2,"minecraft:wooden_pickaxe":12,"minecraft:dirt":3,"minecraft:crafting_table":8,"minecraft:white_bed":1,"minecraft:spruce_boat":2,"minecraft:wooden_axe":85,"minecraft:stone_axe":100,"minecraft:furnace":3,"minecraft:cooked_porkchop":7},"minecraft:mined":{"minecraft:crafting_table":6,"minecraft:grass_block":322,"minecraft:spruce_leaves":20,"minecraft:large_fern":4,"minecraft:furnace":2,"minecraft:iron_ore":1,"minecraft:fire":1,"minecraft:spruce_log":96,"minecraft:grass":27,"minecraft:oak_log":15,"minecraft:coal_ore":23,"minecraft:dirt":64,"minecraft:stone":15,"minecraft:oak_leaves":3,"minecraft:fern":1},"minecraft:crafted":{"minecraft:wooden_sword":1,"minecraft:stone_shovel":1,"minecraft:cooked_porkchop":7,"minecraft:crafting_table":2,"minecraft:spruce_planks":256,"minecraft:wooden_pickaxe":1,"minecraft:furnace":1,"minecraft:stone_axe":1,"minecraft:cooked_mutton":12,"minecraft:air":0,"minecraft:stick":4,"minecraft:iron_ingot":1,"minecraft:stone_pickaxe":1,"minecraft:wooden_axe":2,"minecraft:chest":2,"minecraft:iron_shovel":1,"minecraft:white_bed":1,"minecraft:spruce_boat":1}},"DataVersion":3120}