{"stats":{"minecraft:used":{"minecraft:wooden_axe":55,"minecraft:crafting_table":3},"minecraft:killed":{"minecraft:zombie":2},"minecraft:broken":{"minecraft:wooden_axe":1},"minecraft:killed_by":{"minecraft:skeleton":1,"man:managgresive":1,"skinstalker:skinstalker":1},"minecraft:crafted":{"minecraft:wooden_sword":1,"minecraft:crafting_table":1,"minecraft:spruce_planks":160,"minecraft:stick":4,"minecraft:wooden_pickaxe":1,"minecraft:wooden_axe":2},"minecraft:custom":{"minecraft:time_since_rest":3826,"minecraft:crouch_one_cm":2536,"minecraft:play_time":13374,"minecraft:sprint_one_cm":34779,"minecraft:damage_taken":805,"minecraft:walk_one_cm":17903,"minecraft:deaths":3,"minecraft:sneak_time":829,"minecraft:mob_kills":2,"minecraft:jump":130,"minecraft:damage_dealt":506,"minecraft:leave_game":5,"minecraft:time_since_death":1718,"minecraft:total_world_time":13374,"minecraft:interact_with_crafting_table":9,"minecraft:fall_one_cm":3437,"minecraft:fly_one_cm":22272},"minecraft:mined":{"minecraft:large_fern":2,"minecraft:fire":1,"minecraft:spruce_leaves":14,"minecraft:spruce_log":42,"minecraft:crafting_table":2},"minecraft:picked_up":{"minecraft:stick":5,"minecraft:crafting_table":2,"minecraft:rotten_flesh":3,"minecraft:wheat_seeds":1,"minecraft:spruce_sapling":4,"minecraft:spruce_log":42,"minecraft:dirt":21}},"DataVersion":3120}