{"stats":{"minecraft:picked_up":{"minecraft:charcoal":24,"minecraft:crafting_table":11,"minecraft:wheat":63,"minecraft:chicken":2,"minecraft:gold_block":1,"minecraft:brewing_stand":1,"minecraft:string":5,"minecraft:raw_copper":5,"minecraft:cobbled_deepslate":825,"minecraft:spruce_planks":11,"minecraft:beef":19,"minecraft:oak_boat":2,"minecraft:redstone_torch":2,"minecraft:light_gray_wool":1,"minecraft:spruce_slab":1,"minecraft:furnace":3,"minecraft:egg":2,"minecraft:stick":171,"minecraft:raw_iron":35,"minecraft:oak_door":2,"minecraft:torch":21,"minecraft:porkchop":16,"minecraft:diorite":6,"minecraft:redstone":51,"minecraft:arrow":11,"minecraft:rotten_flesh":18,"minecraft:hay_block":18,"minecraft:obsidian":9,"minecraft:mutton":19,"minecraft:white_wool":11,"minecraft:cobblestone":347,"minecraft:stripped_oak_log":1,"minecraft:magma_block":1,"minecraft:andesite":3,"minecraft:leather":8,"minecraft:oak_log":641,"minecraft:gunpowder":4,"minecraft:cobblestone_stairs":3,"minecraft:dirt":1075,"minecraft:bone":9,"minecraft:apple":21,"minecraft:wheat_seeds":214,"minecraft:raw_gold":8,"minecraft:cooked_chicken":1,"minecraft:oak_planks":6,"justhammers:iron_hammer":1,"minecraft:sand":99,"minecraft:spruce_sapling":8,"minecraft:spruce_log":94,"minecraft:spider_eye":2,"minecraft:diamond":13,"minecraft:spruce_boat":2,"minecraft:granite":21,"minecraft:oak_sapling":223,"minecraft:netherrack":11,"minecraft:coal":105},"minecraft:custom":{"minecraft:mob_kills":81,"minecraft:interact_with_crafting_table":87,"minecraft:bell_ring":3,"minecraft:leave_game":37,"minecraft:time_since_death":272025,"minecraft:climb_one_cm":85643,"minecraft:sprint_one_cm":1293754,"minecraft:damage_blocked_by_shield":710,"minecraft:walk_one_cm":669850,"minecraft:drop":14,"minecraft:play_time":452067,"minecraft:deaths":9,"minecraft:sneak_time":23660,"minecraft:walk_under_water_one_cm":51242,"minecraft:boat_one_cm":124413,"minecraft:jump":6257,"minecraft:walk_on_water_one_cm":45746,"minecraft:total_world_time":452067,"minecraft:interact_with_furnace":73,"minecraft:sleep_in_bed":12,"minecraft:time_since_rest":6474,"minecraft:damage_taken":4710,"minecraft:damage_dealt":14783,"minecraft:player_kills":2,"minecraft:swim_one_cm":68388,"minecraft:fly_one_cm":1568876,"minecraft:open_chest":219,"minecraft:crouch_one_cm":58912,"minecraft:fall_one_cm":132297},"minecraft:killed_by":{"minecraft:player":1,"minecraft:spider":1,"creation:creation":1,"man:managgresive":2,"minecraft:skeleton":1,"skinstalker:skinstalker":1},"minecraft:broken":{"minecraft:iron_shovel":2,"minecraft:stone_pickaxe":1,"minecraft:iron_axe":1,"minecraft:stone_axe":1,"minecraft:wooden_axe":1,"minecraft:stone_shovel":3},"minecraft:killed":{"endofherobrine:silverfish":10,"minecraft:spider":5,"minecraft:skeleton":16,"minecraft:horse":1,"minecraft:chicken":2,"minecraft:pig":7,"minecraft:creeper":3,"minecraft:sheep":12,"minecraft:zombie":13,"minecraft:cow":9},"minecraft:dropped":{"minecraft:wheat_seeds":64,"minecraft:granite":6,"minecraft:stick":2,"minecraft:dirt":37,"minecraft:raw_copper":5,"minecraft:raw_iron":8,"minecraft:rotten_flesh":2,"justhammers:iron_hammer":2,"minecraft:hay_block":9,"minecraft:oak_sapling":82},"minecraft:used":{"minecraft:stone_sword":76,"minecraft:enchanting_table":1,"minecraft:iron_shovel":634,"minecraft:spruce_slab":1,"minecraft:stone_shovel":420,"minecraft:ladder":122,"minecraft:chest":2,"minecraft:spruce_planks":31,"minecraft:shield":24,"minecraft:iron_sword":150,"minecraft:cooked_chicken":5,"minecraft:rotten_flesh":1,"minecraft:netherrack":5,"minecraft:oak_door":4,"minecraft:torch":64,"minecraft:dirt":298,"minecraft:golden_chestplate":1,"minecraft:granite":3,"minecraft:obsidian":4,"minecraft:glass":25,"minecraft:spruce_boat":2,"minecraft:iron_hoe":96,"minecraft:wooden_axe":85,"minecraft:iron_axe":280,"minecraft:oak_stairs":4,"minecraft:oak_sapling":45,"minecraft:furnace":4,"minecraft:egg":1,"minecraft:cobbled_deepslate":131,"minecraft:wheat_seeds":93,"minecraft:cooked_mutton":25,"minecraft:water_bucket":293,"minecraft:diorite":3,"minecraft:cobblestone_stairs":15,"minecraft:stone_pickaxe":248,"minecraft:oak_planks":150,"minecraft:wooden_pickaxe":12,"minecraft:diamond_axe":599,"travelersbackpack:coal":1,"minecraft:crafting_table":15,"minecraft:white_bed":3,"justhammers:iron_hammer":90,"minecraft:oak_log":81,"minecraft:diamond_pickaxe":252,"minecraft:apple":17,"minecraft:iron_pickaxe":203,"minecraft:bread":16,"minecraft:stone_axe":105,"minecraft:cobblestone":99,"minecraft:cooked_porkchop":12,"minecraft:andesite":3,"minecraft:bucket":300,"minecraft:oak_boat":2,"minecraft:bone_meal":9},"minecraft:mined":{"minecraft:tuff":2,"minecraft:spruce_planks":11,"minecraft:farmland":1,"minecraft:deepslate_diamond_ore":15,"minecraft:cobblestone_stairs":3,"minecraft:sea_lantern":2,"minecraft:brewing_stand":1,"minecraft:obsidian":9,"minecraft:granite":21,"minecraft:grass_block":583,"minecraft:spruce_leaves":20,"minecraft:large_fern":4,"minecraft:hay_block":18,"minecraft:magma_block":1,"minecraft:furnace":3,"minecraft:iron_ore":31,"minecraft:cobbled_deepslate":41,"minecraft:fire":3,"minecraft:andesite":9,"minecraft:gold_block":1,"minecraft:deepslate_iron_ore":4,"minecraft:stripped_oak_log":1,"minecraft:stone":243,"minecraft:spruce_slab":1,"minecraft:redstone_wall_torch":1,"minecraft:crafting_table":11,"minecraft:torch":2,"minecraft:tall_grass":58,"minecraft:copper_ore":3,"minecraft:cobblestone":27,"minecraft:oak_planks":6,"endofherobrine:mossy_stone_bricks":18,"minecraft:diorite":6,"minecraft:wall_torch":5,"minecraft:wheat":63,"minecraft:spruce_log":96,"minecraft:grass":292,"minecraft:oak_log":663,"minecraft:coal_ore":62,"minecraft:sand":99,"minecraft:dirt":408,"minecraft:cracked_stone_bricks":16,"minecraft:netherrack":12,"minecraft:oak_leaves":54,"minecraft:deepslate":102,"minecraft:fern":1},"minecraft:crafted":{"minecraft:wooden_sword":1,"minecraft:oak_door":3,"minecraft:oak_planks":608,"minecraft:stone_shovel":3,"minecraft:cooked_chicken":4,"minecraft:furnace":2,"minecraft:cobblestone_stairs":20,"minecraft:bone_meal":9,"minecraft:cooked_mutton":25,"minecraft:glass":44,"travelersbackpack:white_sleeping_bag":1,"minecraft:iron_boots":1,"minecraft:iron_axe":1,"minecraft:iron_hoe":1,"minecraft:ladder":132,"minecraft:spruce_slab":6,"minecraft:stone_pickaxe":2,"minecraft:chest":3,"minecraft:spruce_boat":1,"minecraft:wheat":81,"travelersbackpack:coal":1,"minecraft:cooked_porkchop":13,"minecraft:diamond_axe":1,"minecraft:crafting_table":5,"minecraft:spruce_planks":376,"minecraft:enchanting_table":1,"travelersbackpack:backpack_tank":2,"travelersbackpack:standard":1,"minecraft:wooden_pickaxe":1,"minecraft:iron_helmet":1,"minecraft:iron_sword":1,"minecraft:bucket":1,"minecraft:stone_axe":1,"minecraft:bread":47,"minecraft:air":0,"minecraft:oak_boat":1,"justhammers:iron_hammer":1,"minecraft:charcoal":40,"minecraft:white_wool":1,"minecraft:book":1,"minecraft:iron_chestplate":1,"minecraft:paper":3,"minecraft:diamond_pickaxe":1,"minecraft:shield":1,"minecraft:stick":278,"minecraft:iron_ingot":36,"minecraft:iron_pickaxe":1,"minecraft:oak_stairs":4,"minecraft:wooden_axe":2,"minecraft:stone_sword":1,"minecraft:iron_shovel":3,"minecraft:gold_ingot":1,"minecraft:white_bed":3,"minecraft:torch":56}},"DataVersion":3120}